area,perimeter,major_axis_length,minor_axis_length,eccentricity,convex_area,extent,variety
13078,452.990997,183.978973,91.69001,0.866963,13385,0.732743,osmancik
15381,503.57901,211.88353,93.309746,0.89781,15749,0.740325,cammeo
11280,420.101013,170.670364,85.497368,0.865476,11582,0.643175,osmancik
12408,454.390991,191.89653,83.033478,0.901538,12664,0.583906,osmancik
14131,490.700989,206.926666,88.28405,0.90442,14519,0.752931,cammeo
12573,444.960999,180.371506,89.742386,0.86744,12827,0.662923,osmancik
13870,484.127014,203.418259,88.503235,0.900392,14266,0.756518,cammeo
8328,369.738007,152.565857,70.568604,0.886596,8579,0.584421,osmancik
12745,453.035004,187.005844,87.66729,0.883307,13040,0.605176,cammeo
11675,429.130005,173.418198,86.834061,0.865609,11888,0.737337,osmancik
9876,384.459991,156.164764,81.238869,0.854037,9999,0.632347,osmancik
11765,429.292999,175.06308,86.7286,0.868657,11969,0.611169,osmancik
10880,394.644989,153.794815,90.988182,0.806216,11057,0.747766,osmancik
13109,457.170013,195.070419,86.007507,0.897554,13271,0.599269,osmancik
14805,499.636993,214.28244,89.174088,0.909295,15090,0.576788,cammeo
15118,514.96698,224.1866,87.692238,0.920324,15454,0.654119,cammeo
13520,471.528992,195.306152,89.440559,0.888978,13950,0.570127,cammeo
11494,433.058014,171.582458,86.878693,0.862335,11858,0.759382,osmancik
12008,433.234009,184.127411,83.706039,0.890691,12129,0.644033,osmancik
10796,413.420013,170.781647,80.996887,0.880379,10980,0.623038,cammeo
11848,432.368988,178.3508,86.11731,0.875701,12045,0.600294,osmancik
13263,474.497986,197.842896,86.686317,0.898898,13607,0.560093,cammeo
12124,446.440002,188.975342,82.716797,0.899115,12336,0.740352,osmancik
10928,408.863007,168.128723,83.064178,0.869433,11113,0.626857,osmancik
14789,492.951996,206.708679,92.603569,0.894038,15069,0.747826,cammeo
10272,413.691986,175.919632,74.964355,0.904663,10462,0.594789,osmancik
13681,485.412994,205.006439,86.487671,0.906653,14146,0.559894,cammeo
12331,431.364014,177.130478,89.424965,0.863205,12502,0.747787,osmancik
15276,506.684998,212.135681,93.063751,0.898634,15574,0.579229,cammeo
15071,494.13501,200.594833,97.393288,0.874224,15575,0.689212,cammeo
12802,457.661011,192.062973,85.541496,0.89534,13001,0.756351,osmancik
12720,472.234009,201.640854,82.228416,0.913073,13352,0.74508,cammeo
14608,504.306,210.269928,90.166519,0.903393,15125,0.63513,cammeo
13806,490.51001,209.72084,85.131241,0.913906,14284,0.795873,cammeo
12538,452.660004,188.805283,86.109718,0.88994,12846,0.684165,osmancik
11297,416.679993,165.359207,88.236748,0.845733,11535,0.629289,osmancik
12860,469.55899,197.661026,84.117111,0.904929,13269,0.56453,cammeo
10231,404.364014,159.639267,82.993828,0.854237,10640,0.629988,osmancik
14053,497.052002,216.191864,84.159935,0.921118,14416,0.808387,cammeo
12256,470.108002,207.980057,75.714905,0.93138,12541,0.738313,cammeo
9070,375.093994,156.984894,74.229424,0.881146,9233,0.737398,osmancik
10534,409.339996,163.875931,83.273697,0.861268,10899,0.726132,osmancik
14621,501.825012,210.916489,89.629929,0.905215,15175,0.689085,cammeo
11443,427.230988,176.981979,82.917595,0.883459,11618,0.628978,osmancik
12627,453.519012,191.81189,84.540817,0.897631,12830,0.726107,osmancik
10683,408.282013,170.345169,80.44706,0.88146,10845,0.688338,osmancik
10584,437.048004,188.441422,72.548088,0.922921,10936,0.558051,osmancik
10943,411.385986,171.017929,82.059959,0.87736,11155,0.624779,osmancik
10903,419.653992,169.51709,83.220016,0.871202,11232,0.697837,osmancik
12131,444.925995,183.838089,85.059273,0.886522,12419,0.784163,osmancik
10958,422.880005,172.134323,82.237244,0.878496,11351,0.641983,osmancik
13737,484.38501,209.543518,84.165749,0.915788,13944,0.605208,cammeo
15551,515.783997,215.089737,93.750793,0.90001,15908,0.565655,cammeo
14641,505.002014,211.583649,90.033432,0.904948,15034,0.629558,cammeo
9630,396.893005,163.846542,75.775734,0.88663,9935,0.725151,osmancik
15303,505.928009,209.619919,94.157005,0.893441,15746,0.624612,cammeo
13375,474.087006,198.768692,86.68679,0.899889,13768,0.696324,cammeo
11240,426.644012,175.594116,82.956589,0.881366,11427,0.606518,osmancik
14768,499.877014,210.558807,90.474182,0.902978,15158,0.583116,cammeo
10005,394.098999,161.262894,79.957146,0.868426,10220,0.71875,osmancik
15231,525.578979,229.749878,85.093788,0.928882,15617,0.572896,cammeo
12994,460.945007,195.2211,86.211723,0.897207,13196,0.815387,osmancik
12324,449.152008,190.392487,83.205139,0.899452,12595,0.767134,cammeo
15140,502.553009,213.895615,90.897377,0.905212,15491,0.758213,cammeo
9561,386.084991,159.970535,76.796448,0.877232,9708,0.700953,osmancik
12263,444.95401,180.220856,87.545288,0.874089,12478,0.604506,osmancik
11530,458.712006,197.875504,75.382019,0.924593,11918,0.700316,cammeo
13169,474.837006,201.380112,84.487091,0.907737,13505,0.547113,cammeo
11659,429.083008,171.014236,87.788902,0.858184,12017,0.630898,osmancik
11062,410.096008,165.469467,86.055389,0.854125,11213,0.630817,osmancik
11809,455.083008,185.420105,83.613762,0.892553,12318,0.648846,cammeo
9330,391.165985,161.425415,74.863876,0.885957,9624,0.576353,osmancik
16253,525.481995,218.527557,95.911842,0.898536,16690,0.567969,cammeo
11742,437.903015,182.257065,83.004181,0.890275,11974,0.588896,osmancik
11490,445.686005,179.861755,83.725731,0.885048,12020,0.568925,osmancik
13687,481.744995,201.174576,87.957176,0.899355,13979,0.698316,cammeo
10847,417.924011,170.366791,82.473007,0.875018,11107,0.746319,osmancik
11242,418.645996,172.529907,83.848625,0.873962,11409,0.648889,osmancik
14400,481.506012,193.782959,96.51619,0.867141,14876,0.683891,cammeo
12423,436.493011,180.121017,88.617111,0.870603,12567,0.662242,osmancik
12748,461.888,190.707993,86.645065,0.890832,13158,0.786331,osmancik
14138,490.834015,206.180847,89.367279,0.901182,14523,0.762567,cammeo
12110,448.839996,191.804276,80.654594,0.90729,12313,0.617857,osmancik
10483,419.015991,176.620102,76.324219,0.901808,10773,0.692862,osmancik
15009,507.416992,217.132996,88.924881,0.912292,15387,0.598588,cammeo
10873,408.489014,167.702026,83.421417,0.867499,11073,0.668121,osmancik
15137,494.605011,206.458527,93.99015,0.890364,15400,0.761725,cammeo
8968,390.490997,166.476944,69.36821,0.909052,9150,0.789715,osmancik
12120,441.0,180.376526,86.71608,0.876858,12479,0.642255,osmancik
15172,504.15799,213.22467,91.667061,0.902873,15477,0.622441,cammeo
12551,459.729004,197.682343,81.570282,0.910897,12741,0.818935,cammeo
13147,468.920013,199.227753,84.480804,0.905643,13431,0.68474,cammeo
10731,414.174988,170.210098,81.198944,0.878875,10922,0.593201,osmancik
16799,524.247009,218.34256,99.163177,0.890918,17283,0.62371,cammeo
13683,492.975006,213.909195,83.120705,0.921415,14070,0.761266,cammeo
16734,531.507019,220.69548,97.839333,0.896362,17242,0.657111,cammeo
11469,429.858002,175.509949,85.113197,0.874543,11709,0.789224,osmancik
9842,395.572998,159.499008,80.370964,0.863764,10102,0.616667,osmancik
11385,419.01001,163.703873,89.73259,0.836387,11767,0.640182,osmancik
13272,474.927002,195.778549,87.165154,0.89542,13597,0.586064,cammeo
11489,432.207001,182.362381,81.070175,0.895751,11683,0.799068,osmancik
11923,435.286987,174.070801,88.945343,0.859597,12187,0.615539,osmancik
9772,392.237,164.403351,76.183434,0.886153,9971,0.783389,osmancik
14819,496.622986,205.991348,92.826569,0.892709,15194,0.726422,cammeo
12567,453.772003,192.22377,83.541176,0.900622,12778,0.575359,osmancik
16588,519.559021,218.394455,97.666862,0.894432,16852,0.640068,cammeo
15323,487.865997,192.230835,102.96283,0.844459,15769,0.713693,cammeo
11846,437.346985,182.628815,82.912964,0.891003,12019,0.579323,osmancik
16094,504.126007,208.371185,99.030296,0.879846,16325,0.648533,cammeo
12823,450.640991,180.697525,91.781448,0.861399,13195,0.69785,osmancik
14528,475.447998,192.198563,97.417427,0.862029,14795,0.62949,cammeo
12801,459.424011,195.099335,84.799606,0.9006,13058,0.761602,cammeo
12056,431.851013,182.363129,84.432541,0.886363,12191,0.797355,osmancik
12378,459.976013,191.249496,83.998466,0.898385,12800,0.565515,osmancik
14577,489.90799,204.846024,91.233475,0.895344,14870,0.781399,cammeo
11512,427.567993,172.210098,85.443062,0.868233,11802,0.690789,osmancik
11532,422.69101,168.923096,88.040359,0.853443,11798,0.630681,osmancik
11817,426.60199,179.56543,84.240791,0.883125,11977,0.657377,osmancik
11435,424.243011,175.184967,84.441948,0.876162,11660,0.801444,osmancik
13657,469.237,193.107422,90.778038,0.882618,13930,0.615346,cammeo
12382,453.602997,190.128616,83.850166,0.897498,12605,0.638313,osmancik
14017,474.309998,198.336731,90.86869,0.888873,14320,0.760553,cammeo
14195,488.459991,203.512711,89.958656,0.897,14555,0.717354,cammeo
15742,499.981995,209.394196,96.459114,0.887578,15950,0.756609,cammeo
10496,407.322998,167.929367,80.189072,0.878623,10666,0.703297,osmancik
15773,515.794006,219.433762,92.621048,0.906553,16089,0.705411,cammeo
13422,474.954987,196.454254,88.850594,0.891881,13817,0.55981,cammeo
9763,404.145996,169.185852,74.554283,0.897672,10047,0.708696,osmancik
9428,398.920013,164.845383,74.657585,0.891564,9760,0.676715,osmancik
14906,497.825012,211.341904,90.652954,0.903333,15150,0.597483,cammeo
11299,429.438995,174.44162,84.423386,0.875088,11663,0.613376,osmancik
11770,429.244995,177.57814,85.313187,0.877035,11938,0.592499,osmancik
10665,422.399994,176.841934,77.752274,0.898159,10884,0.629872,osmancik
13636,481.256012,203.928574,86.180138,0.906317,13888,0.549706,cammeo
14254,500.493988,213.075317,86.784325,0.913297,14644,0.622853,cammeo
13683,481.571014,206.926773,84.899063,0.911957,13922,0.762199,cammeo
10550,411.029999,162.713608,83.677231,0.857634,10875,0.618696,osmancik
10975,420.522003,169.966751,83.409637,0.871306,11305,0.686796,osmancik
11912,430.371002,177.482208,86.585678,0.872924,12119,0.722377,osmancik
12885,463.437988,192.967865,86.657425,0.893493,13263,0.589029,osmancik
11711,423.937012,175.11882,85.908127,0.871401,11866,0.810562,osmancik
12181,430.949005,177.657623,87.495148,0.870316,12353,0.756584,osmancik
10842,412.748993,167.045105,84.001625,0.864363,11105,0.670501,osmancik
12067,440.001007,187.761353,82.311211,0.898789,12200,0.617238,osmancik
13726,484.247009,209.703064,83.884415,0.916508,13969,0.555596,cammeo
15144,505.912994,212.368881,92.022034,0.901244,15609,0.609515,cammeo
12235,443.455994,187.662537,83.751724,0.894889,12442,0.658327,osmancik
11758,436.382996,177.348602,85.966576,0.874663,12190,0.763556,osmancik
14236,486.178986,201.704681,90.642403,0.89334,14545,0.656158,cammeo
11714,412.201996,161.308182,93.225616,0.816083,11886,0.764322,osmancik
13710,467.404999,193.888702,90.851852,0.883422,13915,0.728868,osmancik
14675,493.27301,206.793716,91.589066,0.896571,15039,0.566165,cammeo
11860,427.026001,174.990433,87.099152,0.867328,12064,0.612287,osmancik
17335,544.093018,239.010498,92.992981,0.921206,17526,0.821097,cammeo
10937,411.958008,165.007782,85.261551,0.856159,11135,0.624971,osmancik
11940,443.967987,187.333618,82.182785,0.898635,12184,0.636393,cammeo
13355,466.31601,193.728683,88.697304,0.889033,13597,0.605422,osmancik
14434,486.667999,201.271957,92.733772,0.887536,14754,0.625987,cammeo
14573,493.779999,209.35582,89.437508,0.904156,14847,0.65058,cammeo
10663,403.255005,163.936279,83.747414,0.859668,10884,0.652171,osmancik
12811,453.937012,185.728897,89.51059,0.876203,13112,0.585084,osmancik
11237,429.529999,179.383926,80.494347,0.893669,11430,0.590427,osmancik
11274,422.662994,174.386337,82.878082,0.879848,11459,0.740541,osmancik
15065,506.820007,212.436905,91.370277,0.902779,15516,0.724627,cammeo
12512,454.51001,186.950836,86.575417,0.88631,12817,0.571324,osmancik
10524,402.494995,164.08194,82.464378,0.86453,10713,0.632528,osmancik
13347,461.872009,193.527359,88.687103,0.888815,13536,0.777027,osmancik
15593,512.427979,216.615707,92.910019,0.903344,16050,0.777473,cammeo
11334,433.389008,178.989731,82.298042,0.888027,11566,0.711577,osmancik
15700,505.303009,209.988419,96.194885,0.888903,16040,0.59007,cammeo
12809,455.144012,189.079468,87.208031,0.887284,13025,0.590005,cammeo
14013,478.277008,194.782562,92.950325,0.878794,14374,0.604009,cammeo
14851,517.346985,217.698395,88.810249,0.913004,15256,0.728062,cammeo
10760,420.949005,173.444656,80.466774,0.88587,11046,0.587112,osmancik
11398,431.73999,179.467346,81.842644,0.889964,11627,0.594017,osmancik
14321,490.424988,204.28038,90.682976,0.896069,14622,0.573873,cammeo
12267,429.694,171.370636,92.458015,0.841972,12520,0.775901,osmancik
10510,416.710999,174.780289,77.304428,0.89687,10691,0.588334,osmancik
11270,422.609009,173.234207,83.399918,0.876485,11449,0.613901,osmancik
12630,444.05899,180.084885,90.350113,0.865037,12855,0.677611,osmancik
14989,484.309998,195.342041,98.700478,0.862961,15393,0.761056,cammeo
14944,490.044006,201.346542,96.046318,0.878892,15305,0.610657,cammeo
11014,413.440002,165.745209,86.554665,0.852814,11182,0.582628,osmancik
13039,476.697998,198.896927,85.530273,0.902818,13383,0.551799,cammeo
14057,483.480011,201.574814,89.906433,0.895023,14388,0.567272,cammeo
12876,448.441986,179.540497,92.545502,0.856915,13229,0.704762,osmancik
10826,414.222992,168.252792,82.888588,0.870231,11040,0.615498,osmancik
11986,433.294006,173.225052,89.398926,0.856537,12243,0.622423,osmancik
14784,481.985992,200.027161,94.98056,0.880073,15005,0.721593,cammeo
12743,442.734985,181.139679,90.301186,0.86688,12899,0.725105,osmancik
11572,418.628998,164.12326,90.982971,0.832279,11861,0.661635,osmancik
14275,485.787994,206.461914,88.925735,0.902489,14469,0.547564,cammeo
13734,487.839996,213.247437,83.18277,0.920783,13941,0.80523,cammeo
10369,402.983002,159.287033,84.890511,0.846153,10723,0.637543,osmancik
12106,448.5,186.505127,83.698715,0.893645,12389,0.651386,osmancik
14318,491.29599,207.614731,89.126595,0.903167,14629,0.562461,cammeo
12673,441.713989,177.029922,92.587486,0.85233,12950,0.621774,osmancik
13121,456.772003,181.998077,93.461433,0.858072,13490,0.627319,osmancik
15510,507.319,215.954819,92.474373,0.903678,15862,0.599536,cammeo
16024,527.421021,226.262772,91.601112,0.914386,16355,0.535687,cammeo
11012,428.237,176.378967,80.697472,0.889198,11325,0.758716,osmancik
12518,460.854004,188.437744,86.614296,0.888103,12903,0.732561,osmancik
11393,415.799988,164.910431,88.904243,0.842238,11638,0.695543,osmancik
12161,445.048004,182.334747,86.272705,0.880979,12428,0.602806,cammeo
13139,472.251007,202.597672,83.791779,0.910465,13379,0.783669,cammeo
11995,477.411011,216.487747,70.770081,0.945059,12168,0.666056,cammeo
11465,423.787994,174.072968,84.739548,0.873511,11673,0.733807,osmancik
14415,488.122009,203.59285,91.034729,0.894463,14758,0.674102,cammeo
9221,387.093994,159.224503,74.903328,0.882439,9418,0.768417,osmancik
12361,443.819,178.172119,89.320953,0.865263,12581,0.780366,osmancik
15456,508.821014,214.304413,93.456497,0.899902,15884,0.780251,cammeo
11930,434.806,175.301193,87.98391,0.864925,12260,0.643821,osmancik
11511,439.513,183.24234,81.798485,0.894836,11736,0.573171,osmancik
11321,424.575989,173.997635,84.739891,0.873392,11631,0.621896,osmancik
11973,438.14801,178.088776,87.274246,0.871688,12367,0.627121,osmancik
13811,482.298004,206.714752,85.736618,0.909932,14000,0.555931,cammeo
14196,499.230011,210.180115,87.10347,0.910084,14509,0.618859,cammeo
9677,390.617004,160.353058,77.401505,0.875789,9913,0.765828,osmancik
14747,501.765991,213.742188,88.581642,0.91008,15070,0.76441,cammeo
11966,456.846008,194.270264,79.350685,0.912778,12337,0.574598,cammeo
13814,477.585999,198.903076,89.6754,0.8926,14168,0.690976,cammeo
14590,496.171997,212.100754,88.602409,0.908568,14883,0.571485,cammeo
12140,441.498993,182.43399,85.498192,0.883382,12358,0.589607,osmancik
11529,420.455994,168.257462,88.485497,0.85055,11748,0.710089,osmancik
12042,433.769989,178.776443,86.525101,0.875076,12257,0.786442,osmancik
14927,502.018005,212.028549,90.816139,0.903627,15392,0.594986,cammeo
14626,496.585999,204.534134,92.974869,0.890712,15070,0.570214,cammeo
11657,432.565002,177.71994,84.210968,0.88061,11946,0.607864,osmancik
13088,450.210999,184.750198,91.246254,0.869524,13266,0.799218,osmancik
13166,465.96701,195.905411,86.005898,0.898479,13383,0.658004,osmancik
11875,425.450989,174.094177,87.364731,0.864969,12041,0.694526,osmancik
10443,404.984985,165.205612,81.702782,0.869148,10701,0.618954,osmancik
12871,448.582001,183.874542,90.276299,0.871178,13102,0.733725,osmancik
10783,418.681,171.365204,82.124413,0.877686,11133,0.593451,osmancik
9371,394.428009,169.184082,70.8647,0.90805,9528,0.777999,osmancik
10481,413.721985,174.164627,77.660294,0.895082,10648,0.806479,osmancik
14932,488.86499,203.939301,94.112396,0.887154,15200,0.781616,osmancik
13014,459.557007,193.659515,86.198189,0.89548,13253,0.67507,cammeo
14723,491.054993,204.175674,93.065491,0.890077,15021,0.575679,cammeo
13858,475.368988,201.442032,87.923248,0.899719,14083,0.778539,cammeo
13234,472.350006,198.575012,86.264366,0.900712,13512,0.742649,cammeo
10567,398.59201,161.457153,83.767021,0.854884,10720,0.641124,osmancik
11119,415.023987,171.281509,83.179619,0.874164,11346,0.632336,osmancik
11048,424.274994,169.519119,84.778145,0.865962,11419,0.691624,osmancik
10604,425.925995,179.151184,76.351692,0.904636,10830,0.574898,cammeo
12093,440.437988,176.480484,88.960297,0.863657,12421,0.62226,osmancik
14294,514.47699,226.407272,81.592514,0.932806,14731,0.511011,cammeo
10559,424.846985,179.207733,76.388016,0.904604,10770,0.670328,osmancik
13425,477.197998,199.756363,86.640968,0.901041,13784,0.611673,cammeo
12734,447.084015,180.24823,91.317955,0.862168,13019,0.794881,osmancik
10629,416.890015,172.190918,79.674118,0.886511,10819,0.694933,osmancik
13720,477.63501,201.157867,87.309998,0.900895,13936,0.664536,osmancik
11479,421.075012,171.34761,85.809135,0.865569,11677,0.799095,osmancik
13924,498.562012,212.061569,84.910751,0.916338,14444,0.547499,cammeo
11774,447.933014,186.017929,81.674004,0.898455,12103,0.560027,cammeo
13605,466.937012,191.522232,91.732048,0.877835,13919,0.612011,cammeo
12990,469.480011,200.515411,83.430351,0.909328,13214,0.701215,cammeo
10265,400.321991,163.166321,81.643814,0.865811,10450,0.611012,osmancik
14818,499.359985,208.875504,91.910774,0.897985,15204,0.575412,cammeo
12932,456.654999,191.328629,86.725838,0.891367,13098,0.663043,cammeo
10572,403.269012,164.57251,81.976845,0.867108,10745,0.747085,osmancik
12128,441.712006,184.305145,84.943253,0.887461,12327,0.622332,osmancik
9962,408.721008,165.833771,78.493866,0.880886,10231,0.618681,osmancik
10488,416.609009,175.397888,77.313705,0.89761,10720,0.71757,osmancik
14250,486.123993,201.218933,91.939819,0.889511,14636,0.593676,cammeo
10562,407.194,168.775269,80.469231,0.879021,10724,0.611227,osmancik
14517,488.324005,196.16449,95.582901,0.873258,14976,0.59513,cammeo
14788,480.962006,199.062546,95.537918,0.877302,15044,0.657507,cammeo
14078,478.470001,203.645462,88.56031,0.900491,14280,0.744395,cammeo
11273,432.654999,185.892792,77.610397,0.908677,11440,0.619736,osmancik
15200,502.588013,214.133804,91.117531,0.90495,15461,0.624127,cammeo
14969,494.416992,207.209915,92.910515,0.893839,15286,0.639701,cammeo
11956,438.895996,184.643707,83.218422,0.892677,12121,0.577027,cammeo
12671,448.119995,181.49382,90.351112,0.867281,12949,0.740648,osmancik
10457,402.062988,157.9617,85.704109,0.840015,10719,0.677091,osmancik
12767,463.84201,196.193039,83.973564,0.903772,13104,0.60622,cammeo
15554,502.096008,206.277527,97.223389,0.881961,15826,0.82734,cammeo
12303,439.341003,184.300018,85.292374,0.886467,12468,0.597465,osmancik
13652,486.627991,210.34523,83.299133,0.918246,13950,0.579801,cammeo
11377,429.385986,172.539642,85.884338,0.867311,11746,0.735423,osmancik
11024,414.859009,165.832138,85.640831,0.856329,11342,0.635023,osmancik
14571,489.730988,202.393768,92.942085,0.888326,14884,0.584899,cammeo
13658,499.373993,206.509735,85.756546,0.9097,14177,0.540269,cammeo
12605,448.846008,186.716446,86.671181,0.885738,12804,0.725969,osmancik
10044,410.19101,168.553101,77.079659,0.889311,10317,0.757466,osmancik
14295,489.214996,203.301895,90.609955,0.895187,14660,0.606697,cammeo
10735,421.488007,172.779373,80.167381,0.885842,11021,0.780954,osmancik
13787,474.338013,194.694626,91.077332,0.883837,14075,0.616179,cammeo
9819,410.64801,172.621262,73.482002,0.904872,10096,0.588246,osmancik
11937,427.334991,172.931641,88.591911,0.85881,12111,0.772321,osmancik
11521,429.234009,176.807312,84.103775,0.879618,11732,0.592949,osmancik
14887,493.045013,199.164917,96.693703,0.874239,15347,0.617129,cammeo
11231,427.666992,183.587097,78.861732,0.903038,11427,0.721184,osmancik
14244,488.06601,199.899887,92.315399,0.88698,14691,0.61633,cammeo
10035,398.096985,162.661865,79.646118,0.871923,10236,0.598069,osmancik
15360,515.297974,220.921753,89.95549,0.913347,15662,0.641604,cammeo
13735,484.770996,204.810638,86.75872,0.905847,13960,0.553697,cammeo
13918,489.040009,207.881744,86.490227,0.909339,14263,0.718756,cammeo
11279,426.212006,168.402466,86.929726,0.856467,11651,0.660905,osmancik
12243,449.681,182.026199,87.131706,0.877991,12744,0.778569,osmancik
11717,430.917999,174.640335,86.092323,0.870047,11948,0.651487,osmancik
14952,488.630005,203.00296,94.554527,0.884901,15187,0.615613,cammeo
9911,390.459991,157.097946,81.447983,0.855106,10178,0.731331,osmancik
13785,489.915985,213.376419,82.789917,0.92166,14130,0.796637,cammeo
17135,525.937988,217.728348,101.154625,0.885525,17471,0.593728,cammeo
15715,511.25,210.911606,96.004738,0.890395,16096,0.581413,cammeo
10472,412.989014,168.203552,80.146599,0.879182,10772,0.619425,osmancik
13450,465.39801,193.374969,89.506897,0.886428,13661,0.615786,cammeo
11502,423.832001,167.89209,88.349236,0.850345,11770,0.627599,osmancik
13537,467.587006,199.573151,86.729828,0.900635,13745,0.730624,osmancik
12621,444.588013,184.94313,87.624458,0.880637,12832,0.733992,cammeo
13501,485.756012,205.771011,84.908394,0.910896,13896,0.658521,cammeo
15032,500.609009,209.916534,91.925392,0.899017,15397,0.718925,cammeo
15586,505.877014,218.573212,91.243721,0.908699,15814,0.823784,cammeo
13034,449.851013,180.197098,93.86512,0.853616,13333,0.623159,osmancik
11859,421.812988,169.930786,89.381805,0.850491,12056,0.701467,osmancik
12981,449.617004,177.622955,94.242371,0.847638,13389,0.65146,osmancik
11952,443.490997,181.768265,85.327515,0.88297,12224,0.590135,osmancik
14831,493.760986,208.268539,91.54232,0.898223,15099,0.790228,cammeo
12888,467.197998,199.156418,83.288925,0.908351,13222,0.725839,cammeo
12637,455.290985,187.806503,86.84584,0.88666,12958,0.617342,osmancik
12281,442.110992,177.957535,89.708961,0.863643,12666,0.599073,osmancik
12274,441.852997,179.853912,87.760139,0.87287,12587,0.615979,osmancik
11380,423.61499,172.173889,85.657295,0.867461,11620,0.673174,osmancik
12676,431.769989,172.60965,94.473885,0.836919,12872,0.731027,osmancik
13385,477.929993,199.842682,87.046509,0.900152,13656,0.565914,cammeo
11491,440.468994,183.995331,80.870872,0.898229,11819,0.664988,cammeo
10949,420.170013,176.249527,79.890923,0.891367,11132,0.579006,osmancik
12035,431.95401,176.022552,88.002747,0.866053,12226,0.617845,osmancik
10000,415.273987,180.151871,71.01284,0.919032,10176,0.542829,osmancik
12060,438.774994,177.401031,87.377846,0.870287,12420,0.648666,osmancik
13413,465.605011,198.852722,86.094154,0.901416,13620,0.635326,cammeo
17856,530.416016,223.292358,102.901276,0.887485,18062,0.795722,cammeo
13782,457.492004,180.915283,97.973877,0.840671,14147,0.655256,osmancik
11123,426.855988,181.081802,79.000984,0.899815,11362,0.762058,osmancik
14463,480.48999,201.934219,91.943893,0.89033,14698,0.675116,cammeo
15269,519.765991,222.419556,88.28183,0.917855,15620,0.565749,cammeo
11219,433.713013,180.316422,80.25338,0.895496,11485,0.700487,osmancik
10956,422.171997,178.351868,79.157143,0.896113,11131,0.573132,osmancik
14944,500.238007,209.557648,91.528412,0.899573,15255,0.628956,cammeo
12043,441.156006,175.532059,88.688248,0.862971,12376,0.66772,osmancik
15042,504.720001,214.52121,90.20871,0.907287,15375,0.695616,cammeo
15307,489.471008,197.202652,100.132988,0.861494,15628,0.679104,cammeo
12115,449.197998,187.591583,83.370239,0.895816,12440,0.566863,osmancik
16079,522.758972,223.405914,92.64325,0.909965,16392,0.641723,cammeo
12431,437.657013,178.194199,89.486519,0.86476,12657,0.735562,osmancik
14340,499.096008,207.251083,89.858963,0.901117,14863,0.663152,cammeo
11239,419.862,170.461899,85.563148,0.864897,11609,0.622521,osmancik
10222,423.497009,182.800247,72.124298,0.918873,10421,0.820385,osmancik
12974,460.303986,192.931046,86.724136,0.893276,13232,0.59593,osmancik
14655,491.714996,200.146896,94.780464,0.880764,15181,0.60091,cammeo
13662,466.747986,191.405121,91.915154,0.877152,13875,0.587461,cammeo
12598,466.837006,199.039139,81.866547,0.911496,13072,0.575409,cammeo
14186,490.713989,198.142212,92.535049,0.88425,14721,0.593681,osmancik
14652,485.546997,201.553604,93.448616,0.886023,14883,0.59315,cammeo
16412,515.11499,208.69455,101.941757,0.872579,16857,0.773786,cammeo
11062,411.109009,167.803192,84.982826,0.862273,11242,0.822576,osmancik
12720,443.454987,183.202393,89.496552,0.872557,12904,0.776557,osmancik
10591,410.734009,169.754807,80.398697,0.880731,10751,0.603338,osmancik
13501,472.483002,198.072037,87.689613,0.896662,13787,0.634028,cammeo
13576,475.049988,200.99942,86.548996,0.902546,13888,0.583287,cammeo
16176,522.991028,221.927399,93.984184,0.9059,16639,0.602346,cammeo
10948,408.438995,167.176117,83.687889,0.86568,11132,0.75467,osmancik
12074,435.078003,181.390305,85.691116,0.881377,12257,0.699091,osmancik
12136,455.428986,195.570404,80.099869,0.912278,12334,0.772305,osmancik
12411,443.554993,178.227219,90.224045,0.862398,12780,0.640535,osmancik
11447,447.346008,190.389053,79.038223,0.909757,11753,0.543542,cammeo
10312,398.795013,163.542313,80.670448,0.869877,10507,0.805751,osmancik
11671,430.23999,177.180145,84.818855,0.87797,11895,0.674624,osmancik
14035,480.628998,199.148392,91.410896,0.888432,14422,0.716291,cammeo
13942,502.031006,214.337982,83.719704,0.920562,14273,0.644508,cammeo
10910,445.273987,190.248047,73.878754,0.921521,11229,0.627878,osmancik
15274,511.053986,211.299927,93.120049,0.897654,15669,0.693264,cammeo
10589,408.756012,167.883408,81.036987,0.875787,10775,0.617939,osmancik
11963,432.298004,177.857117,86.445625,0.873937,12162,0.809186,osmancik
14064,486.890015,204.163071,88.521423,0.901114,14388,0.64838,cammeo
11396,431.296997,177.638397,82.857635,0.884553,11612,0.753206,osmancik
11549,440.247986,179.116882,84.495804,0.88174,11961,0.595401,cammeo
13060,465.64801,192.372009,87.598045,0.890309,13352,0.580548,osmancik
14431,497.062988,212.04567,87.851418,0.910138,14805,0.648643,cammeo
13819,487.670013,207.970764,86.187744,0.910085,14181,0.569691,cammeo
11447,436.868988,180.437317,82.310127,0.889893,11733,0.572579,osmancik
12096,438.856995,179.348358,86.961037,0.874585,12333,0.661092,osmancik
14892,503.647003,213.271957,90.478661,0.905549,15279,0.593922,cammeo
11599,432.316986,180.881851,82.32106,0.890435,11788,0.615005,osmancik
11603,427.524994,175.940414,84.686653,0.876536,11807,0.803421,osmancik
10541,406.536011,162.991074,83.698257,0.858081,10901,0.774618,osmancik
15600,502.842987,205.275513,99.052811,0.875876,16130,0.721421,cammeo
12531,459.306,192.818192,84.025429,0.900055,12846,0.561727,osmancik
12339,453.264008,191.504379,82.774689,0.901762,12534,0.618931,osmancik
14011,475.872986,197.728638,91.159081,0.887384,14315,0.777611,cammeo
11281,407.101013,160.91008,90.440521,0.827099,11483,0.670012,osmancik
13002,458.31601,187.397461,89.587379,0.878327,13319,0.676342,osmancik
12624,452.731995,192.110962,84.612373,0.897785,12791,0.565591,osmancik
12818,439.951996,179.201691,91.867722,0.858598,13005,0.625818,osmancik
16376,531.000977,227.944855,92.668518,0.913633,16667,0.741767,cammeo
12899,462.269012,190.430527,87.37381,0.888528,13132,0.682957,osmancik
10806,408.675995,163.715942,85.632484,0.852299,11069,0.611441,osmancik
15127,499.799988,212.903915,91.151634,0.903715,15370,0.713,cammeo
13568,482.457001,201.880478,87.073853,0.902202,14068,0.635801,cammeo
14038,496.612,211.564987,86.05249,0.913543,14389,0.540172,cammeo
12308,451.609009,193.267532,81.659889,0.906352,12488,0.724043,cammeo
15290,500.187988,204.153366,96.690331,0.880731,15605,0.788958,cammeo
10580,409.088989,173.316986,78.047119,0.89287,10731,0.581319,osmancik
11449,411.299988,156.925491,94.257431,0.799511,11696,0.724254,osmancik
14439,492.322998,205.415634,91.421631,0.895502,14867,0.780824,cammeo
9885,385.600006,157.210892,81.197327,0.856295,10042,0.628417,osmancik
11353,418.505005,166.986008,87.75209,0.85079,11587,0.641412,osmancik
11370,444.687988,188.177963,77.824913,0.910472,11676,0.588509,osmancik
11962,440.545013,181.723404,85.197182,0.883289,12283,0.622859,osmancik
10360,411.23999,169.401108,78.572227,0.885928,10538,0.784849,osmancik
10863,411.622009,168.271423,83.165276,0.86933,11057,0.702834,osmancik
13933,471.713989,193.516724,91.876244,0.880109,14177,0.744642,cammeo
8990,389.377014,157.749603,73.919182,0.883418,9297,0.625261,osmancik
14561,487.651001,202.911209,92.162239,0.8909,14862,0.700385,osmancik
11191,426.138,177.496597,81.307549,0.888911,11456,0.643161,osmancik
14530,487.096985,201.806229,93.058952,0.887332,14926,0.687128,cammeo
10574,411.118988,170.140167,79.774269,0.883265,10782,0.68707,osmancik
13034,474.368988,203.99585,81.980896,0.915694,13316,0.615741,cammeo
9798,416.667999,182.425186,69.406265,0.924796,9994,0.586707,osmancik
13024,459.770996,191.904999,88.034447,0.888571,13325,0.779693,cammeo
11490,421.166992,167.710114,88.556274,0.849225,11793,0.755424,osmancik
16678,523.309998,216.897369,99.044899,0.889649,17089,0.803449,cammeo
10015,402.178986,160.386826,81.076912,0.862822,10338,0.694618,osmancik
12845,464.121002,194.332214,85.524338,0.897952,13125,0.774962,osmancik
14369,491.044006,207.947372,89.122147,0.903504,14679,0.603993,cammeo
13460,451.048004,181.474991,95.351578,0.85084,13697,0.725998,osmancik
14274,499.088013,214.402527,85.246765,0.917558,14559,0.656729,cammeo
11357,427.040985,178.595154,81.393036,0.890113,11546,0.596732,osmancik
14734,498.707001,211.000961,90.111481,0.90422,15171,0.7846,cammeo
16199,511.227997,210.001648,99.417755,0.88084,16637,0.738265,cammeo
14143,483.86499,200.878128,90.592346,0.892533,14427,0.597659,cammeo
12582,446.290009,180.488266,89.403984,0.868696,12801,0.703377,osmancik
12244,442.190002,179.901459,87.807594,0.872795,12568,0.632699,osmancik
11756,438.774994,184.135345,82.26664,0.894648,11969,0.65676,osmancik
13170,472.10199,200.195435,84.875519,0.905679,13383,0.544935,cammeo
12676,437.955994,178.237106,91.697754,0.857508,12887,0.691242,osmancik
10803,409.125,169.414932,81.788971,0.875745,10968,0.743547,osmancik
11969,431.128998,177.243317,86.838432,0.871757,12135,0.60279,osmancik
12817,460.552002,191.187881,86.313591,0.892292,13132,0.602331,cammeo
13112,456.216003,182.464218,93.33448,0.85927,13413,0.680789,osmancik
11088,418.208008,172.02742,82.935669,0.876112,11284,0.624993,osmancik
11768,433.480011,179.834274,83.964745,0.88431,11993,0.755667,osmancik
16566,527.585999,217.094574,98.101074,0.892078,16987,0.751906,cammeo
11965,455.817993,196.161865,78.42881,0.916595,12247,0.659447,cammeo
12491,457.140991,194.875458,82.491089,0.905989,12721,0.770479,cammeo
15546,518.942993,219.226532,91.386406,0.908971,15967,0.553514,cammeo
15153,514.403992,218.092316,90.052292,0.910772,15628,0.68085,cammeo
14306,482.247986,197.685791,94.056107,0.879561,14667,0.58795,cammeo
10896,419.38501,174.139969,80.548363,0.886593,11145,0.58961,osmancik
14693,484.562988,199.619995,94.80761,0.880018,15034,0.609163,cammeo
12699,458.013,192.594498,85.203857,0.896818,12965,0.590651,cammeo
12043,444.058014,179.917206,86.4832,0.876894,12364,0.696127,osmancik
11681,422.049011,174.085754,85.920319,0.869716,11832,0.60902,osmancik
14011,493.878998,212.63031,85.028206,0.916564,14336,0.627986,cammeo
12590,461.136993,195.534882,82.962242,0.905529,12915,0.676009,cammeo
10651,411.002991,167.180099,82.506523,0.869735,10893,0.675054,osmancik
10213,430.044006,187.314392,69.94136,0.927674,10392,0.563445,osmancik
15321,513.007019,218.71196,90.260666,0.910871,15646,0.711876,cammeo
11372,435.592987,179.567154,81.47213,0.891147,11608,0.579967,osmancik
13099,453.365997,180.982635,93.603966,0.855865,13377,0.627317,osmancik
9621,408.71701,175.733566,70.45018,0.916125,9779,0.516425,osmancik
11186,416.674988,166.876556,86.709511,0.854408,11537,0.76173,osmancik
13834,480.273987,202.770279,87.724396,0.901572,14151,0.728105,cammeo
16059,522.723999,217.850143,95.153885,0.899565,16675,0.688459,cammeo
11502,428.539001,174.304672,85.419662,0.871689,11760,0.591423,osmancik
12742,446.811005,180.020142,91.048119,0.862671,12954,0.791085,osmancik
11658,443.260986,179.814194,83.876404,0.884542,12024,0.593101,osmancik
9802,412.368988,176.165573,71.482803,0.913975,9991,0.56695,osmancik
10587,399.63501,166.365433,81.328972,0.872364,10723,0.637349,osmancik
15115,492.015991,200.453629,97.048607,0.874988,15411,0.723829,osmancik
12352,453.13501,191.111893,83.350739,0.899881,12683,0.578467,cammeo
12683,444.531006,176.624969,92.580246,0.851618,13094,0.668089,osmancik
14268,485.634003,202.250854,91.052711,0.892929,14586,0.616995,cammeo
13434,455.822998,184.170334,93.382851,0.861919,13686,0.635839,cammeo
13698,478.598999,199.060257,88.78965,0.895011,13932,0.575595,cammeo
14364,497.119995,212.008347,87.534798,0.910784,14805,0.64125,cammeo
16019,509.013,214.790939,96.124207,0.894272,16248,0.657594,cammeo
11492,419.296997,165.42955,89.531464,0.84089,11747,0.787339,osmancik
14331,502.029999,212.581451,87.358101,0.911663,14618,0.542759,cammeo
10847,417.670013,168.357773,82.87085,0.870465,11152,0.624108,osmancik
9371,401.895996,170.569489,70.650421,0.910184,9542,0.778322,osmancik
11501,428.502991,180.488785,81.40831,0.892502,11676,0.676529,osmancik
10595,403.820007,163.12149,83.779617,0.858028,10832,0.619229,osmancik
15007,500.307007,210.717758,92.170464,0.899261,15431,0.580766,cammeo
13983,481.658997,198.390457,90.498146,0.889897,14306,0.588015,cammeo
14423,507.082001,221.533478,83.90892,0.925493,14703,0.542218,cammeo
11046,423.497986,183.455002,76.973419,0.90772,11198,0.822793,osmancik
13057,445.177002,177.807816,94.507072,0.84705,13348,0.64336,osmancik
11873,432.333008,175.097153,87.685715,0.865573,12162,0.650932,osmancik
12093,432.828003,176.820312,88.097267,0.867045,12351,0.705131,osmancik
15551,508.407013,217.015503,92.151817,0.905366,15786,0.807425,cammeo
11693,424.503998,176.024063,84.991318,0.875709,11842,0.606735,osmancik
11723,432.746002,176.975082,85.095673,0.876812,12013,0.665588,osmancik
14811,512.109985,217.738327,87.483406,0.915735,15090,0.549166,cammeo
12972,467.380005,194.529083,86.506676,0.895681,13425,0.774679,cammeo
13183,464.571991,190.691269,88.769562,0.88504,13473,0.593909,cammeo
13912,480.842987,206.907043,86.263817,0.908943,14107,0.806259,cammeo
11601,416.645996,165.780991,89.896103,0.840212,11782,0.645217,osmancik
16419,531.421021,224.065948,94.54113,0.906626,16874,0.550419,cammeo
10152,399.796997,162.203964,80.657501,0.867602,10393,0.661282,osmancik
11455,405.618988,159.570267,92.329964,0.8156,11639,0.776189,osmancik
15147,511.294006,216.099289,90.946388,0.907128,15637,0.534852,cammeo
11577,431.156006,178.836258,83.406158,0.884583,11810,0.756074,cammeo
11766,423.980988,171.208618,88.112465,0.857401,11954,0.639179,osmancik
11696,443.528015,186.587723,80.951973,0.900983,11952,0.73913,osmancik
12593,463.368988,195.757629,83.079666,0.905474,12907,0.69775,cammeo
10955,419.994995,172.931091,81.469666,0.882074,11147,0.614586,osmancik
13913,493.606995,212.985474,83.991348,0.918959,14218,0.572128,cammeo
13414,459.283997,191.063171,90.209839,0.88152,13611,0.763156,osmancik
11682,437.040009,176.230988,86.322495,0.87182,11969,0.581194,osmancik
10798,412.013,169.991135,81.776634,0.876685,11000,0.64884,osmancik
10134,406.045013,167.605515,78.040855,0.884984,10358,0.587308,osmancik
11180,427.708008,174.703522,82.881134,0.880304,11518,0.721942,osmancik
10713,443.403992,192.886185,71.786896,0.928164,10969,0.696101,osmancik
12263,438.138,175.740448,90.187164,0.858279,12634,0.718311,osmancik
11074,421.307007,173.051315,82.403275,0.879349,11326,0.704587,osmancik
12672,450.343994,184.404617,88.781212,0.876475,12939,0.782609,osmancik
10286,406.713013,171.050674,77.448723,0.891621,10469,0.618446,osmancik
13516,483.688995,207.531921,83.685684,0.915093,13746,0.700856,cammeo
12295,439.824005,176.582672,89.811638,0.860997,12566,0.673477,osmancik
12095,444.033997,186.067673,83.808807,0.892816,12290,0.699942,osmancik
13269,470.63501,197.384094,86.42865,0.899038,13626,0.566325,cammeo
11393,428.278992,177.331696,82.805229,0.884283,11627,0.694018,osmancik
12154,448.062012,186.782059,83.898102,0.893443,12445,0.629284,osmancik
10667,411.747009,163.930252,84.71981,0.856104,10987,0.666105,osmancik
13742,484.34201,195.284943,91.242813,0.884136,14224,0.672408,osmancik
16037,523.914001,223.023438,92.54744,0.909836,16404,0.801049,cammeo
10561,417.933014,172.890717,79.522903,0.887939,10804,0.647914,osmancik
14556,487.419006,208.731262,89.195122,0.9041,14819,0.776486,cammeo
12358,447.174011,183.464615,87.742081,0.878223,12586,0.584579,osmancik
12161,430.587006,171.624756,92.091385,0.843846,12460,0.688696,osmancik
13954,484.532013,203.678177,88.208717,0.901356,14288,0.750861,cammeo
9834,401.005005,164.205887,77.195068,0.882607,10076,0.697249,osmancik
14390,497.919006,216.375595,85.195702,0.919222,14586,0.537904,cammeo
13211,476.658997,204.864532,82.885117,0.9145,13608,0.71088,cammeo
15725,515.257996,221.660095,91.23172,0.911372,16027,0.600489,cammeo
12215,445.295013,180.90947,87.405853,0.875539,12448,0.588108,osmancik
12191,441.687988,180.116272,87.874939,0.872911,12481,0.601134,osmancik
13860,483.971008,207.7892,85.961067,0.910416,14047,0.648148,cammeo
10973,419.263,169.840775,83.496033,0.870813,11285,0.777675,osmancik
10669,403.674988,164.547379,83.436287,0.861908,10885,0.713836,osmancik
11941,452.60199,196.030045,78.687241,0.915901,12131,0.651339,cammeo
11287,429.325012,171.895737,85.360374,0.86799,11599,0.590139,osmancik
11840,432.384003,175.836884,86.647781,0.870158,12032,0.62576,osmancik
11941,434.803986,174.229889,89.474525,0.858064,12249,0.754137,osmancik
14682,505.031006,219.886322,86.041504,0.920263,15155,0.552911,cammeo
12016,469.424988,196.949249,79.835175,0.914158,12464,0.562968,cammeo
9862,396.862,166.761658,75.718491,0.890975,10064,0.64039,osmancik
10745,422.233002,183.709549,75.037743,0.912777,10883,0.8223,osmancik
15517,481.377991,194.637512,102.058388,0.851502,15718,0.650117,cammeo
10168,400.477997,162.562973,81.088905,0.866708,10424,0.623727,osmancik
10560,400.178986,168.269058,80.589066,0.877853,10691,0.637373,osmancik
14305,491.161011,207.871292,88.609711,0.904595,14633,0.579525,cammeo
11149,411.30899,164.672287,87.502991,0.847136,11393,0.75921,osmancik
13848,492.910004,207.014572,86.984444,0.907438,14383,0.668792,cammeo
14547,491.044006,206.657074,90.17514,0.899776,14780,0.593222,cammeo
14559,496.523987,213.396362,87.135399,0.912836,14765,0.710819,cammeo
13555,477.869995,202.637085,85.787956,0.905963,13851,0.578063,cammeo
12142,443.515015,177.744751,88.19751,0.868206,12459,0.615626,osmancik
10724,421.697998,168.36853,83.735329,0.867559,10988,0.594457,osmancik
11074,426.524994,182.831894,77.699142,0.905205,11291,0.744821,osmancik
12716,444.108002,186.896393,87.278145,0.884264,12872,0.747384,cammeo
11029,415.048004,176.214767,80.014053,0.890965,11182,0.630589,osmancik
15534,521.929993,221.585663,90.554947,0.912683,16187,0.708345,cammeo
11472,420.256989,174.825256,83.875015,0.877397,11617,0.742236,osmancik
11070,419.403015,173.575043,82.154213,0.880898,11266,0.600586,osmancik
9961,392.143005,159.518021,80.502724,0.863317,10156,0.617736,osmancik
10685,416.71701,173.275146,79.70607,0.88792,10871,0.70668,osmancik
13495,466.959015,196.395538,88.213058,0.893451,13725,0.689576,cammeo
13580,460.549011,192.759613,90.224045,0.883694,13753,0.794152,osmancik
12916,471.196014,201.002914,82.654739,0.91154,13199,0.557036,cammeo
14725,472.902008,193.12355,97.716087,0.862547,15084,0.634315,cammeo
12494,437.218994,179.280075,89.507301,0.866452,12729,0.705238,osmancik
11697,424.14801,170.552094,88.911148,0.853365,11939,0.627252,osmancik
9577,403.17099,174.982208,70.267632,0.915828,9769,0.627095,osmancik
12960,460.867004,191.5177,86.797791,0.891404,13211,0.588235,osmancik
12709,461.011993,190.778748,87.412796,0.888855,13064,0.786935,cammeo
11115,424.730011,177.785416,80.544945,0.891487,11318,0.734633,osmancik
12340,456.397003,189.225067,84.490875,0.894779,12624,0.636148,osmancik
14753,495.26001,203.724701,93.18322,0.889262,15153,0.634647,osmancik
14017,471.813995,194.643448,92.36013,0.88025,14314,0.708788,cammeo
11307,437.880005,181.037582,80.663643,0.895251,11662,0.718452,osmancik
14850,499.207001,210.133636,91.143372,0.901038,15327,0.589005,cammeo
12271,443.786987,179.837692,87.741692,0.872903,12510,0.623526,osmancik
12537,440.105988,177.274719,91.086815,0.8579,12845,0.670428,osmancik
13333,472.384003,200.938568,85.172806,0.905721,13585,0.680255,cammeo
11552,432.812012,178.890762,84.079803,0.882663,11838,0.636474,osmancik
11176,418.056,171.315582,83.939491,0.871739,11387,0.797033,osmancik
10381,414.187988,174.744629,77.079552,0.897459,10556,0.607289,osmancik
12170,441.47699,181.888,86.578735,0.879445,12373,0.772551,osmancik
12234,449.380005,188.625931,83.909332,0.895607,12492,0.59475,cammeo
13295,465.333008,187.379761,91.908829,0.871444,13633,0.612447,osmancik
12311,450.334991,194.446747,81.319344,0.908351,12441,0.556555,osmancik
12135,432.812988,180.875854,86.053734,0.879574,12304,0.64305,osmancik
15543,507.38501,211.651215,94.571396,0.894621,15976,0.65293,cammeo
11605,425.697998,173.516678,86.135109,0.868089,11781,0.798418,osmancik
14601,505.248993,215.934387,86.75872,0.915735,14991,0.668544,cammeo
10293,413.286987,171.638947,77.050964,0.893575,10560,0.589384,osmancik
11224,424.747009,174.421448,83.198227,0.878906,11544,0.71345,osmancik
11088,421.157013,169.420944,85.375671,0.863747,11373,0.754132,osmancik
12518,460.721985,195.650925,82.363739,0.907073,12813,0.689887,cammeo
14985,516.960999,219.533386,88.009392,0.916125,15412,0.622973,cammeo
12544,437.269012,175.672089,91.524345,0.853559,12753,0.788138,osmancik
10774,428.799988,179.699661,77.921753,0.901095,11033,0.716547,osmancik
10816,417.781006,170.929321,81.666115,0.878481,11119,0.589107,osmancik
10191,403.218994,168.609024,77.528053,0.888017,10352,0.797293,osmancik
13513,473.102997,196.279083,89.516029,0.889946,13867,0.74939,cammeo
12536,460.283997,195.993698,82.315147,0.907529,12778,0.648056,osmancik
9426,402.709991,175.974289,68.607536,0.920869,9578,0.577432,osmancik
13072,484.787994,206.886932,81.92672,0.918252,13593,0.704159,cammeo
12293,445.687012,181.879166,87.027679,0.878092,12524,0.776367,osmancik
17192,528.34198,222.949936,99.092674,0.895798,17457,0.628914,cammeo
14755,499.817993,202.612274,95.516083,0.881907,15123,0.600529,cammeo
10074,416.971985,172.345322,75.892593,0.897825,10422,0.554705,osmancik
11327,423.167999,169.295456,86.568459,0.859375,11657,0.719997,osmancik
12159,437.822998,177.584534,88.580299,0.866713,12377,0.670139,osmancik
14759,483.266998,203.965866,92.551453,0.891124,15002,0.785053,cammeo
12711,459.618011,192.974625,84.95108,0.89789,13028,0.581952,cammeo
9638,398.911987,168.109833,73.465141,0.899458,9798,0.725753,osmancik
14476,489.238007,203.858841,91.66153,0.893214,14807,0.679848,cammeo
11274,425.054993,173.380325,83.833794,0.87533,11526,0.652771,osmancik
13753,461.130005,185.531036,95.427467,0.857582,13962,0.651184,osmancik
12278,453.692993,184.050156,86.660088,0.882213,12601,0.629835,osmancik
15907,527.349976,226.893005,90.790466,0.916451,16288,0.573846,cammeo
12091,442.0,181.211777,86.299217,0.879319,12400,0.635032,osmancik
8546,388.580994,172.519958,63.344753,0.930152,8685,0.735456,osmancik
10788,402.334991,160.868637,86.554024,0.842918,10961,0.762349,osmancik
13913,474.451996,199.117432,89.717033,0.892739,14164,0.673101,cammeo
11116,419.713989,173.077057,82.317337,0.879656,11335,0.601645,osmancik
10928,410.940002,171.74614,81.385941,0.880593,11132,0.611186,osmancik
12557,443.218994,175.597488,92.33857,0.850575,12860,0.622867,cammeo
15651,512.291992,212.77301,95.72538,0.893082,16022,0.572039,cammeo
12190,441.785004,178.552383,87.932625,0.870326,12478,0.650203,osmancik
10497,405.346008,165.34816,81.976662,0.868447,10735,0.668599,osmancik
16258,533.341003,229.112991,91.120132,0.917512,16705,0.570817,cammeo
11447,419.619995,163.920532,91.274147,0.830634,11831,0.732983,osmancik
13667,463.84201,197.355652,88.586723,0.893598,13829,0.634523,osmancik
16453,523.874023,222.312195,96.17852,0.901572,16803,0.754725,cammeo
10271,415.539001,177.822235,74.396278,0.908275,10422,0.566082,osmancik
12200,447.213989,191.140701,81.571381,0.904364,12367,0.569747,osmancik
11622,425.893005,173.195404,86.716492,0.865629,11941,0.603521,osmancik
14362,504.576996,211.29306,88.265862,0.908566,14724,0.54186,cammeo
12362,448.112,181.039062,88.526077,0.87229,12720,0.63278,osmancik
10664,414.938995,168.079086,81.731415,0.87381,10929,0.645364,osmancik
11719,430.511993,175.517456,86.51001,0.870094,12000,0.699308,osmancik
14571,489.433014,206.787888,90.451363,0.899262,14839,0.60551,cammeo
11097,436.144989,182.742859,78.440475,0.903191,11472,0.628868,osmancik
9908,400.998993,170.604874,74.514404,0.899575,10075,0.586099,osmancik
13205,475.600006,197.548965,86.344879,0.899422,13607,0.691108,cammeo
14734,507.283997,217.824448,86.65876,0.917456,15039,0.681373,cammeo
10236,398.537994,160.849014,82.4916,0.858478,10392,0.795647,osmancik
11354,426.872986,172.396255,85.402405,0.868674,11703,0.729223,osmancik
11182,429.595001,181.432175,79.181953,0.89974,11389,0.679757,osmancik
11916,432.681,176.154984,87.220299,0.868817,12189,0.64687,osmancik
12876,445.763,177.982819,93.841003,0.849712,13200,0.729932,osmancik
12373,438.881012,175.827301,90.912315,0.855952,12622,0.768175,osmancik
12892,473.527008,199.939194,83.235527,0.909225,13193,0.564547,cammeo
13103,456.786011,184.174667,91.967346,0.866401,13401,0.761625,osmancik
14003,489.290009,208.332901,87.192223,0.908206,14421,0.579115,cammeo
14469,484.46701,204.249176,90.720055,0.895946,14701,0.65873,cammeo
14226,492.195007,207.019562,88.363342,0.904329,14465,0.57914,cammeo
12405,437.085999,178.093658,89.96077,0.863042,12615,0.810149,osmancik
13839,481.588013,201.342789,88.888298,0.897272,14165,0.716935,cammeo
15550,505.763,211.37883,94.41613,0.8947,15896,0.718842,cammeo
12511,448.759003,183.976974,87.342873,0.880121,12694,0.604776,osmancik
12831,446.631012,181.87178,90.233871,0.868243,13061,0.669956,osmancik
11537,428.386993,177.813965,83.652664,0.882426,11733,0.744995,osmancik
13237,478.010986,199.68924,85.277634,0.904227,13627,0.558523,cammeo
13589,483.884003,205.354752,85.410324,0.909403,13883,0.545743,cammeo
14019,475.755005,194.517929,92.816956,0.878814,14308,0.59112,cammeo
11102,425.971008,174.851105,81.744034,0.88399,11333,0.701593,osmancik
11772,436.596008,181.492661,83.732719,0.887215,11984,0.572012,osmancik
15926,522.73999,225.736053,91.057091,0.915033,16240,0.779769,cammeo
12858,466.162994,198.547379,83.759628,0.90666,13095,0.549276,cammeo
9273,406.402008,173.414093,68.802536,0.917925,9445,0.530098,osmancik
15741,523.776001,227.502335,89.124352,0.920071,15999,0.563225,cammeo
11479,429.174011,176.478302,83.616539,0.880629,11739,0.619616,osmancik
11940,423.674988,168.634018,91.364265,0.840514,12191,0.663997,osmancik
14960,496.928009,209.662155,91.685341,0.899315,15198,0.760163,cammeo
13584,478.536987,204.620651,84.806145,0.91007,13817,0.676023,cammeo
13050,467.522003,194.898849,86.947624,0.894975,13389,0.619776,cammeo
13102,479.27301,202.507675,83.756233,0.910461,13528,0.61799,cammeo
10655,417.973999,177.507584,77.157593,0.900589,10822,0.733563,osmancik
13670,486.809998,207.742203,84.577698,0.913371,13923,0.58096,cammeo
16898,526.94397,217.871796,100.345032,0.887624,17274,0.624464,cammeo
12844,454.837006,191.980179,85.419418,0.895561,13043,0.617886,cammeo
10620,404.932007,164.520554,83.295692,0.862361,10863,0.761836,osmancik
12031,444.462006,184.78299,84.484276,0.88936,12253,0.588457,osmancik
11790,444.342987,184.422485,82.447609,0.894505,12103,0.596057,osmancik
15982,523.174011,220.014999,94.218483,0.903667,16337,0.5692,cammeo
15856,509.019989,210.164383,97.760216,0.885226,16160,0.762674,cammeo
11050,416.419006,168.317642,85.255981,0.862229,11323,0.691749,osmancik
11960,440.941986,182.053436,84.722664,0.885115,12191,0.626506,osmancik
16893,523.254028,216.240494,100.408165,0.885659,17293,0.681059,cammeo
12555,444.579987,184.825333,87.367226,0.881223,12773,0.652208,cammeo
17246,540.541992,225.988861,98.573151,0.899857,17704,0.573929,cammeo
11545,427.619995,167.412094,89.448921,0.845293,11925,0.632395,osmancik
10733,402.419006,166.234314,82.705482,0.86745,10876,0.706118,osmancik
10860,411.846008,165.193985,85.324776,0.85628,11212,0.751973,osmancik
13335,474.377014,197.839905,87.582542,0.896673,13702,0.667017,osmancik
12406,433.571991,175.892868,91.140633,0.855284,12639,0.796533,osmancik
13574,488.497009,210.68631,83.744469,0.917609,13856,0.551677,cammeo
11280,421.683014,170.830917,85.055222,0.867239,11510,0.605475,osmancik
15143,504.140015,207.734177,94.148384,0.891401,15628,0.571326,cammeo
14675,493.928986,199.233627,95.683365,0.877128,15317,0.616856,cammeo
12070,444.454987,183.939468,85.080711,0.886595,12400,0.681921,osmancik
12103,446.080994,181.4711,86.551872,0.878933,12444,0.574691,osmancik
11635,449.30899,197.570648,75.258141,0.924609,11842,0.521889,osmancik
10061,393.382996,160.876907,80.609329,0.865411,10242,0.620054,osmancik
12840,454.404999,184.815186,89.921623,0.873653,13185,0.726655,osmancik
10192,404.182007,171.132553,76.474449,0.894598,10346,0.610592,osmancik
12198,432.027008,176.995438,88.567688,0.865797,12400,0.749493,osmancik
11329,414.617004,168.913498,86.121758,0.860259,11540,0.784122,osmancik
13270,459.865997,188.893372,90.749847,0.877034,13507,0.599449,osmancik
12878,459.604004,192.172272,85.956688,0.894389,13213,0.576248,cammeo
12495,454.792999,186.776627,86.492714,0.886316,12774,0.750315,osmancik
12058,445.828003,184.828018,84.497032,0.889382,12308,0.704816,osmancik
13925,478.290009,196.574768,91.431145,0.885247,14323,0.66278,cammeo
16603,513.52301,213.520264,99.961533,0.883644,16922,0.608905,cammeo
11860,432.05899,174.313828,88.154984,0.862694,12140,0.710861,osmancik
11221,418.561005,168.142502,85.764854,0.860131,11455,0.76772,osmancik
14467,498.623993,213.595627,86.999992,0.913289,14857,0.740758,cammeo
15603,511.743988,211.104202,95.439987,0.891968,16021,0.580512,cammeo
11619,432.45401,178.341507,83.913452,0.882389,11824,0.76764,osmancik
11604,433.117004,175.141815,86.719315,0.868815,12006,0.682588,osmancik
13468,475.39801,199.753586,87.04467,0.900063,13817,0.570074,cammeo
11929,436.863007,177.189545,86.988068,0.871198,12230,0.693547,osmancik
14412,490.324005,207.476135,89.689514,0.901735,14703,0.598853,cammeo
13677,494.63501,219.599564,79.63166,0.931936,13936,0.532096,cammeo
13682,488.899994,199.559692,89.442215,0.893934,14457,0.599667,cammeo
10882,411.746002,168.959473,83.181473,0.870416,11033,0.754019,osmancik
13909,488.708008,206.351852,86.975632,0.906832,14362,0.543342,cammeo
10557,412.667999,168.808578,80.592712,0.878675,10778,0.616071,osmancik
13066,458.261993,186.345856,90.901459,0.87295,13315,0.614813,osmancik
15373,522.210999,229.493729,86.341568,0.926528,15757,0.671603,cammeo
15308,513.98999,219.467911,90.023933,0.911999,15720,0.763263,cammeo
11879,446.143005,187.910233,81.590919,0.900816,12095,0.652692,osmancik
13560,479.199005,197.558029,88.772285,0.893357,14033,0.691766,cammeo
11145,420.315002,169.132339,85.589226,0.862505,11364,0.77128,osmancik
14961,502.908997,215.192505,89.231422,0.909977,15218,0.675318,cammeo
15105,503.291992,215.582672,89.796677,0.909122,15327,0.600477,cammeo
12483,437.402008,173.491974,92.704338,0.845267,12767,0.775342,osmancik
12188,441.28299,181.477249,86.317688,0.87964,12364,0.601461,osmancik
14686,503.690002,212.258682,89.783691,0.906133,15003,0.552147,cammeo
13022,467.076996,194.754089,86.676399,0.895503,13355,0.596245,cammeo
11559,435.184998,178.782074,83.545471,0.884097,11796,0.666378,osmancik
10443,406.528992,164.568375,81.95932,0.867162,10722,0.77184,osmancik
10870,414.278015,164.704407,85.405785,0.855053,11183,0.661595,osmancik
10792,416.628998,171.381805,81.65258,0.879209,11037,0.593685,osmancik
11665,435.705994,182.751892,81.973198,0.893758,11895,0.645903,osmancik
13045,446.006012,174.689774,96.456017,0.833741,13351,0.632792,osmancik
14265,480.927002,200.188446,91.480537,0.889481,14627,0.754562,cammeo
16053,523.840027,220.913773,93.891678,0.905186,16496,0.747973,cammeo
12310,438.161987,177.798431,89.226028,0.864962,12528,0.785878,osmancik
12927,453.015015,184.323792,89.861305,0.873112,13196,0.736917,cammeo
11191,431.057007,184.311676,78.078064,0.90584,11358,0.785885,osmancik
10702,409.265991,160.70015,85.870316,0.845263,10990,0.686026,osmancik
15904,511.022003,214.350555,96.212097,0.893605,16248,0.717852,cammeo
15681,507.696991,207.024506,97.758484,0.881488,16088,0.692501,cammeo
14284,499.915009,213.166061,86.926155,0.913077,14678,0.704582,cammeo
14542,490.145996,208.429932,89.257576,0.903666,14747,0.554129,cammeo
14105,496.227997,209.275421,86.941948,0.909619,14567,0.603707,cammeo
13434,483.36499,204.568024,84.155998,0.911462,13773,0.722258,cammeo
10767,428.35199,181.782303,75.896065,0.908672,11002,0.699156,osmancik
12004,449.035004,186.648529,83.413269,0.894584,12417,0.758115,cammeo
12688,466.838013,193.786667,84.371704,0.900245,12956,0.601898,cammeo
16862,519.471008,219.659958,98.391571,0.89407,17104,0.612273,cammeo
11003,417.05899,168.234329,85.018974,0.862908,11270,0.611278,osmancik
11243,430.933014,179.999664,81.031754,0.892939,11524,0.738942,osmancik
13621,473.898987,198.845871,88.428688,0.895675,13989,0.608461,cammeo
11625,437.359985,186.708145,79.723778,0.904253,11830,0.72187,cammeo
14424,497.769989,210.743103,88.517097,0.907513,14920,0.558204,cammeo
10536,397.498993,160.967911,83.698685,0.854184,10711,0.675385,osmancik
12203,442.60199,184.236435,85.572021,0.88559,12418,0.799044,osmancik
11639,432.386993,178.694855,83.954514,0.882762,11940,0.593584,osmancik
14202,485.937988,202.614059,90.650284,0.894332,14640,0.561766,cammeo
14227,490.503998,206.491318,88.691719,0.903058,14529,0.687129,cammeo
10344,406.188995,169.366653,78.963684,0.884664,10533,0.717437,osmancik
11757,441.242004,182.595856,82.916397,0.890952,11967,0.60172,osmancik
9236,394.341003,160.928894,74.24968,0.887202,9465,0.577394,osmancik
14838,500.161987,211.982544,90.946571,0.903291,15165,0.786411,cammeo
11049,412.813995,169.619736,83.396362,0.870784,11244,0.792384,osmancik
12339,435.937012,173.02742,92.289864,0.845874,12646,0.737493,osmancik
12192,428.592987,172.949585,90.531189,0.852054,12383,0.740525,osmancik
15559,514.278992,221.11908,90.463837,0.912481,15903,0.775778,cammeo
14368,491.562988,211.297073,87.208015,0.910855,14596,0.624424,cammeo
14966,499.638,205.474823,93.381622,0.890763,15387,0.58143,cammeo
12213,450.218994,188.316788,83.71769,0.89575,12447,0.717989,osmancik
10908,414.997009,174.449158,80.564186,0.886973,11062,0.754983,osmancik
11734,430.279999,181.887299,82.555023,0.891063,11875,0.799428,osmancik
10208,394.529999,161.667236,81.416702,0.863933,10361,0.660969,osmancik
15216,500.368011,208.228424,94.302582,0.891571,15558,0.573043,cammeo
12261,443.281006,183.636932,86.095299,0.883286,12507,0.717018,osmancik
9963,410.084015,171.168457,75.231483,0.898234,10251,0.719298,osmancik
10761,429.018005,183.567108,75.227852,0.91217,11031,0.578797,cammeo
10650,407.161011,165.619995,83.147491,0.864846,10851,0.6155,osmancik
10388,400.591003,166.185806,80.093735,0.876197,10536,0.670194,osmancik
15232,508.816986,216.762909,90.633087,0.908391,15603,0.590823,cammeo
12410,463.48999,195.171494,82.360306,0.906601,12849,0.564091,cammeo
11872,429.537994,180.083862,84.377541,0.883439,12041,0.640449,osmancik
14525,487.216003,206.450119,90.843857,0.897984,14798,0.593342,cammeo
17048,525.538025,219.488586,99.734299,0.890801,17318,0.692333,cammeo
9431,383.959015,159.655945,75.795723,0.880124,9556,0.775576,osmancik
15569,504.753998,214.506775,93.197159,0.900685,15815,0.773039,cammeo
11928,432.52301,171.019531,90.066017,0.850087,12195,0.634873,osmancik
12752,462.359985,190.734177,86.671761,0.890792,13112,0.628425,cammeo
11293,424.623993,178.363419,81.414047,0.889749,11473,0.746102,osmancik
14658,477.117004,189.566635,99.99778,0.849551,15048,0.649504,osmancik
11153,426.55899,178.850006,80.414101,0.893221,11371,0.728383,osmancik
12675,456.572998,186.806824,88.423782,0.880878,13098,0.613861,osmancik
11458,418.859985,169.072662,87.521446,0.855589,11668,0.757804,osmancik
12914,464.179993,182.701553,91.955093,0.864107,13385,0.643512,osmancik
14839,504.084015,211.369598,91.347641,0.901792,15274,0.626382,cammeo
10534,409.625,167.988205,80.673775,0.87714,10753,0.609607,osmancik
9571,388.59201,160.936584,76.438774,0.880006,9720,0.637429,osmancik
12324,465.669006,198.521713,80.216515,0.914728,12557,0.641674,osmancik
11255,442.618011,189.496841,76.365181,0.915205,11500,0.775351,osmancik
10144,416.151001,173.665817,75.354706,0.900958,10414,0.5704,osmancik
11923,434.420013,182.193573,84.140846,0.886973,12086,0.600958,osmancik
10964,412.821991,168.77948,83.76622,0.868148,11118,0.746053,osmancik
10187,409.356995,170.063614,77.550865,0.889974,10391,0.685393,osmancik
12784,448.346985,186.11673,88.228851,0.880497,12937,0.60473,osmancik
10898,414.811005,170.235336,82.553139,0.87455,11094,0.602732,osmancik
11895,429.395996,179.251862,85.53614,0.878803,12072,0.790628,osmancik
10260,417.0,172.993561,76.907692,0.895744,10527,0.588235,osmancik
10943,412.061005,169.890259,82.8293,0.873097,11132,0.741396,osmancik
12249,438.902008,181.725555,86.364891,0.879851,12428,0.62751,osmancik
11543,431.763,179.598114,82.522583,0.888186,11786,0.602642,osmancik
13675,478.606995,194.802917,90.322166,0.886014,14146,0.58142,cammeo
14994,508.307007,215.569809,89.619881,0.909486,15246,0.550764,cammeo
14180,485.17099,204.107178,89.360779,0.899066,14471,0.619809,cammeo
13308,464.132996,196.24231,87.260895,0.8957,13486,0.597522,osmancik
14874,487.503998,204.913391,92.889206,0.891353,15065,0.614476,cammeo
13627,476.989014,201.194519,86.952255,0.901787,13926,0.780559,cammeo
11379,438.164001,182.200089,80.886665,0.896054,11735,0.594142,osmancik
11342,440.199005,188.070847,77.186111,0.911901,11532,0.578555,osmancik
12071,438.700012,178.784607,87.50312,0.872041,12437,0.64537,osmancik
15311,507.994995,215.141449,91.619751,0.90479,15690,0.704407,cammeo
12892,482.630005,204.597763,82.352013,0.915417,13376,0.651243,cammeo
11206,427.139008,171.675919,84.989067,0.868861,11588,0.608757,osmancik
11670,434.085999,172.977341,87.953583,0.86108,12102,0.666476,osmancik
10150,405.355988,169.095825,76.932335,0.89051,10358,0.636045,osmancik
14523,491.937012,205.125122,91.142082,0.895866,14849,0.610005,cammeo
13493,480.528992,205.573059,84.683754,0.911211,13843,0.796893,cammeo
11718,427.145996,164.748199,93.129753,0.824895,12155,0.72031,osmancik
15401,499.264008,202.649887,97.768501,0.875923,15760,0.617324,cammeo
11898,453.980011,195.360046,78.369102,0.916011,12134,0.548042,cammeo
14787,492.312988,209.678864,90.467735,0.902133,15066,0.795684,cammeo
10899,421.440002,173.638382,81.156258,0.884053,11267,0.693453,osmancik
12879,469.132996,200.795502,82.043091,0.912718,13132,0.769125,cammeo
12863,448.507996,182.861908,90.772812,0.868093,13133,0.736207,osmancik
12387,449.135986,185.402756,86.050385,0.885769,12662,0.716426,osmancik
11932,436.759003,178.316559,86.78894,0.873562,12152,0.599899,osmancik
10589,411.928986,170.272125,80.86866,0.880019,10850,0.724282,osmancik
16249,512.791992,215.726852,96.965683,0.893289,16493,0.737184,cammeo
9646,390.955994,162.013672,76.316422,0.882107,9815,0.675112,osmancik
11836,456.378998,201.869598,75.458572,0.92751,12084,0.753214,cammeo
10885,434.27301,191.091324,73.548607,0.922964,11024,0.799897,cammeo
12067,423.362,168.36908,92.053177,0.837306,12274,0.649602,osmancik
11496,440.468994,185.722565,79.855721,0.902842,11759,0.750931,osmancik
12587,451.171997,185.700134,87.764854,0.881269,12941,0.698037,osmancik
10886,409.738007,166.079254,84.134338,0.862186,11055,0.680375,osmancik
13047,486.368988,213.194473,79.288872,0.928269,13621,0.615425,cammeo
10993,428.70401,179.578232,78.641006,0.899014,11169,0.56876,osmancik
9668,393.713989,159.522934,78.490768,0.870576,9882,0.604174,osmancik
14482,489.317993,205.386307,90.80043,0.896968,14781,0.568903,cammeo
17263,520.302979,215.00441,103.367218,0.876848,17565,0.661874,cammeo
13439,477.75,199.381607,87.627365,0.898245,13852,0.751244,cammeo
13244,467.644012,193.424973,88.636536,0.888825,13672,0.797927,cammeo
11752,422.532013,171.085297,88.014595,0.857521,11997,0.692924,osmancik
10304,416.561005,174.274231,76.184395,0.899387,10541,0.61224,osmancik
15275,509.855011,217.554688,90.183815,0.910034,15582,0.667614,cammeo
12043,442.070007,181.109543,85.579437,0.881315,12276,0.600169,osmancik
13688,481.313995,204.308838,86.378036,0.906232,14024,0.789389,cammeo
14806,498.631989,214.389938,88.976624,0.909811,15078,0.783386,cammeo
15236,497.277008,209.16156,94.0653,0.893167,15563,0.763709,cammeo
12465,445.066986,177.529526,91.506241,0.856924,12882,0.761175,osmancik
12005,440.265015,180.682114,85.737228,0.880245,12319,0.603024,osmancik
11014,411.217987,167.131714,85.078613,0.860736,11185,0.696604,osmancik
13469,475.087006,203.247818,84.867981,0.90865,13739,0.727779,cammeo
12412,456.579987,191.571625,83.44986,0.900137,12779,0.649503,cammeo
12930,474.078003,205.356339,80.712082,0.919524,13181,0.740635,cammeo
11987,440.783997,180.047745,86.14135,0.878122,12299,0.687959,osmancik
11312,421.54599,168.256012,87.210754,0.855186,11622,0.76921,osmancik
11809,433.053986,170.871216,89.482643,0.851912,12129,0.617432,osmancik
12962,456.713989,185.9991,90.167572,0.874639,13224,0.608373,osmancik
14944,512.137024,227.41626,84.247108,0.928851,15147,0.812351,cammeo
12153,451.210999,187.769196,83.648834,0.895288,12497,0.706488,cammeo
10729,414.699005,171.729874,81.426979,0.88044,10987,0.794211,osmancik
10600,414.865997,174.650543,78.232109,0.894066,10800,0.602821,osmancik
11339,425.506012,177.047134,82.547409,0.884655,11533,0.592053,osmancik
12225,436.484009,172.72522,91.473282,0.848255,12537,0.646107,osmancik
10951,415.139008,173.757935,81.300491,0.883784,11116,0.652272,osmancik
9468,386.497986,162.473892,74.975037,0.887162,9608,0.753762,osmancik
11525,433.781006,184.42334,80.166626,0.900581,11697,0.612706,osmancik
11589,449.360992,196.646698,75.979599,0.922341,11783,0.562928,cammeo
14331,495.143005,212.028961,86.86129,0.912235,14723,0.665784,cammeo
12317,432.300995,174.63092,90.638931,0.854755,12506,0.638021,osmancik
13117,460.574005,192.404068,87.62899,0.890265,13575,0.78451,cammeo
12495,443.678009,184.987671,87.13018,0.88213,12690,0.742601,osmancik
9749,398.682007,162.881226,77.196724,0.880554,9941,0.599127,osmancik
11069,419.638,170.600174,83.608467,0.871675,11333,0.659301,osmancik
13445,490.815002,216.172974,79.600098,0.929737,13640,0.535444,cammeo
11783,453.105011,192.684296,79.173706,0.911681,12102,0.670441,cammeo
12906,461.203003,191.543671,86.727356,0.891622,13272,0.73833,osmancik
11338,420.794006,177.274185,82.139458,0.886177,11481,0.820108,osmancik
10267,424.949005,182.409119,72.537865,0.91753,10455,0.547427,osmancik
11486,420.852997,175.257507,83.864082,0.878077,11615,0.776501,osmancik
13920,480.112,195.670074,92.548439,0.881072,14350,0.577114,cammeo
14301,497.773987,209.876358,87.29937,0.909385,14591,0.60068,cammeo
9584,390.003998,162.296631,75.98748,0.883622,9757,0.809459,osmancik
11440,425.81601,170.720978,87.25544,0.859521,11750,0.665078,osmancik
11669,417.841003,170.127747,87.807274,0.856513,11847,0.769774,osmancik
10926,416.222992,173.419983,80.869347,0.884616,11113,0.632365,osmancik
11568,429.072998,178.332977,83.637527,0.8832,11790,0.751218,osmancik
12532,449.743011,179.285263,90.648621,0.862761,12874,0.60279,osmancik
14557,492.412994,205.106644,91.44973,0.895101,14961,0.735648,cammeo
15336,508.785004,219.262299,89.741966,0.912404,15599,0.580008,cammeo
14266,486.477997,207.726044,88.099922,0.905608,14485,0.603852,cammeo
12820,467.352997,197.337402,83.972069,0.904947,13104,0.556834,cammeo
11911,441.059998,185.205582,82.243652,0.895994,12119,0.580458,osmancik
15107,488.865997,205.21521,94.36982,0.887993,15322,0.787233,cammeo
12396,460.002014,195.323303,81.929611,0.907775,12676,0.733057,cammeo
12532,454.066986,186.862595,87.042526,0.884885,12888,0.630731,osmancik
13954,481.287994,204.777451,87.504623,0.904102,14277,0.581126,cammeo
14516,492.786011,209.760132,89.513199,0.904374,14836,0.733576,cammeo
15161,498.790985,208.252045,93.86026,0.892673,15541,0.64057,cammeo
12906,449.790985,180.675888,92.468224,0.85911,13278,0.63592,osmancik
12907,465.34201,195.654968,84.882179,0.900992,13151,0.573339,cammeo
12101,435.928986,178.397324,86.983765,0.873076,12302,0.740575,osmancik
12734,470.614014,204.402908,80.165298,0.919883,12982,0.71459,cammeo
13443,459.730988,188.01236,92.694824,0.870015,13707,0.74201,osmancik
15757,509.281006,207.296677,98.336136,0.880323,16150,0.589708,cammeo
11742,439.756012,183.100555,83.156609,0.890921,12016,0.572222,osmancik
15739,525.000977,228.244598,88.849274,0.921123,15978,0.573244,cammeo
11415,424.963013,172.695618,85.289238,0.869536,11735,0.691315,osmancik
12655,459.904999,192.994797,84.902695,0.898036,12959,0.645334,cammeo
10360,404.32901,165.859055,81.198029,0.871969,10556,0.676152,osmancik
14806,509.376007,214.142426,89.691704,0.908059,15594,0.708794,cammeo
10965,416.627014,171.809952,82.712288,0.876491,11167,0.660542,osmancik
11742,428.033997,171.231888,88.023399,0.857754,11951,0.630443,osmancik
11063,418.774994,171.653778,83.659554,0.873193,11318,0.803413,osmancik
15385,505.578003,211.730118,94.123253,0.895757,15726,0.587909,cammeo
14852,495.816986,205.713638,92.947754,0.892104,15202,0.601296,cammeo
10608,404.692993,161.589401,85.35479,0.849107,10895,0.708475,osmancik
14713,500.160004,207.158203,91.46106,0.89726,15111,0.571934,cammeo
10725,411.69101,164.600342,84.292969,0.858922,11009,0.666149,osmancik
11382,418.335999,169.882965,86.660088,0.860105,11575,0.620002,osmancik
13264,447.947998,175.384979,98.297585,0.828176,13502,0.660953,osmancik
14988,491.707001,205.060669,94.85704,0.886577,15270,0.582013,cammeo
14456,497.988007,210.531891,88.884293,0.906508,14865,0.678049,cammeo
11706,428.553986,175.849594,85.545837,0.873696,11944,0.622329,osmancik
9961,397.929993,166.00798,77.443588,0.884518,10130,0.627979,osmancik
10821,425.268005,178.356796,78.248924,0.898623,11101,0.779386,osmancik
11337,417.270996,174.463196,83.505157,0.878011,11477,0.818083,osmancik
12277,450.325989,190.741776,82.859993,0.900716,12482,0.7634,osmancik
11227,427.811005,179.555435,80.320183,0.89437,11430,0.592704,osmancik
14470,486.26001,208.333664,89.343964,0.903376,14657,0.57654,cammeo
15164,501.652008,212.158401,92.446846,0.90007,15461,0.701063,cammeo
10088,406.661011,169.068024,77.430725,0.88896,10331,0.675958,osmancik
11935,464.933014,196.535049,79.722992,0.914032,12358,0.566633,cammeo
12886,463.903015,193.876587,85.477737,0.897562,13196,0.595251,cammeo
11760,432.532013,176.143768,86.024048,0.872634,12055,0.63287,osmancik
12799,443.416992,175.329697,94.259453,0.843192,13066,0.631613,osmancik
10780,410.855011,162.427734,86.180756,0.847635,11047,0.667079,osmancik
11787,434.514008,181.290466,83.349335,0.888045,11965,0.744129,osmancik
12289,444.554993,186.352859,84.859299,0.890303,12448,0.767679,osmancik
12978,465.850006,199.129395,83.911919,0.906878,13210,0.735131,cammeo
13050,460.819,187.396301,89.79348,0.877726,13379,0.595999,osmancik
12008,440.518005,185.988663,83.024124,0.894837,12227,0.6994,osmancik
14700,506.463989,215.430298,87.760078,0.913263,15050,0.707547,cammeo
12867,449.079987,181.700562,91.341064,0.86446,13152,0.649062,osmancik
13153,479.562012,207.923935,80.942505,0.921116,13339,0.684767,cammeo
10900,417.596985,172.692062,81.001175,0.883172,11091,0.585392,osmancik
12613,450.205994,184.875732,88.06604,0.879254,12832,0.607299,osmancik
15762,507.640991,205.600555,99.320847,0.875578,16261,0.663635,cammeo
11147,417.462006,169.332718,84.877396,0.865305,11331,0.715469,osmancik
10066,413.28299,177.3069,73.488205,0.910063,10262,0.546412,osmancik
11865,426.727997,170.871704,89.459221,0.851997,12085,0.641802,osmancik
10873,416.669006,168.940353,83.341164,0.86985,11151,0.682292,osmancik
14489,496.38501,210.036392,88.531563,0.906826,14843,0.615349,cammeo
15055,508.276001,218.976517,88.49115,0.914709,15361,0.686221,cammeo
11926,435.753998,173.269592,89.632912,0.855802,12308,0.753189,osmancik
16104,507.428986,206.07074,100.753632,0.872324,16457,0.605414,cammeo
9080,396.540009,165.687012,70.252228,0.90566,9387,0.578086,osmancik
12558,452.692993,189.478165,85.088249,0.893498,12799,0.624031,osmancik
12124,431.752014,173.803268,89.89888,0.855837,12389,0.77012,osmancik
11139,423.324005,173.076706,82.689751,0.878488,11380,0.716427,osmancik
15404,499.230988,206.086929,95.633041,0.885813,15740,0.624757,cammeo
11578,431.506012,181.234512,82.666428,0.889913,11747,0.619012,osmancik
11422,425.128998,176.65686,82.952156,0.882897,11608,0.6509,osmancik
10272,403.04599,171.383667,76.661179,0.89438,10419,0.759202,osmancik
11782,436.533997,183.450226,82.576401,0.892963,11985,0.61403,osmancik
11593,442.670013,189.767441,78.483757,0.910468,11806,0.630671,osmancik
8499,370.446014,156.072281,70.630356,0.89174,8648,0.761559,osmancik
13816,484.276001,199.013489,89.866249,0.892241,14356,0.642455,cammeo
11592,428.427002,177.621506,83.73835,0.881897,11764,0.752727,osmancik
13799,454.740997,184.868271,95.915855,0.854875,13965,0.621801,osmancik
14806,481.911987,198.243912,95.786697,0.875523,15162,0.701042,cammeo
13447,455.64801,183.957581,94.458138,0.858103,13867,0.625908,osmancik
13476,478.28299,199.02327,87.929665,0.897111,13931,0.599173,cammeo
10940,421.174011,179.485764,78.219345,0.900045,11097,0.801465,osmancik
12598,445.184998,178.979248,91.102158,0.860761,12923,0.631415,osmancik
10691,407.087006,163.291748,84.589203,0.855366,10921,0.612104,osmancik
11889,439.989014,186.107849,82.143044,0.897324,12096,0.797705,osmancik
11095,423.240997,170.155045,84.617577,0.86758,11350,0.772363,osmancik
11546,429.681,179.215958,82.657013,0.887289,11698,0.599574,osmancik
10380,399.053009,161.873672,82.765022,0.859406,10606,0.685964,osmancik
9127,381.878998,160.804657,72.844658,0.89151,9260,0.589561,osmancik
13724,468.571991,191.871597,92.48851,0.876153,14048,0.740717,cammeo
14321,494.345001,211.668991,86.825417,0.911998,14583,0.561278,cammeo
12213,459.166992,195.586548,80.640106,0.911049,12571,0.543404,cammeo
10698,416.798004,171.646973,81.139618,0.881217,10909,0.587802,osmancik
12213,442.272003,183.69931,85.819931,0.884164,12474,0.795376,osmancik
9753,402.57901,170.614182,73.313484,0.90297,10028,0.564214,osmancik
15093,509.304993,214.428116,90.883278,0.905737,15497,0.572616,cammeo
10628,418.303986,171.824814,80.327599,0.883995,10828,0.715064,osmancik
14602,500.233002,218.488052,85.677582,0.919906,14827,0.583636,cammeo
10690,404.640015,165.370193,83.370308,0.86362,10855,0.62079,osmancik
10588,404.324005,163.662079,83.969154,0.85835,10756,0.614866,osmancik
12006,467.640991,207.447998,74.468788,0.933347,12237,0.548745,cammeo
11352,422.324005,171.019806,85.814713,0.864994,11581,0.785714,osmancik
13818,475.016998,198.499207,89.095703,0.893609,14008,0.596014,cammeo
13683,490.792999,210.281967,84.045021,0.916656,14187,0.773925,cammeo
13518,451.162994,185.557587,93.295906,0.86441,13741,0.781839,osmancik
10185,397.980011,163.842728,79.584557,0.874105,10335,0.63151,osmancik
11036,435.498993,186.078415,76.30806,0.912047,11305,0.597574,osmancik
13853,471.640991,195.212494,91.291542,0.883913,14213,0.65332,cammeo
13684,464.56601,189.531052,92.905739,0.871617,13928,0.605648,cammeo
11303,422.200012,168.055893,87.126083,0.855117,11569,0.764233,osmancik
9936,398.276001,161.481934,80.274612,0.867686,10216,0.671942,osmancik
10746,423.990997,177.953247,78.12188,0.898486,10942,0.581493,osmancik
10594,401.243988,167.187805,81.09771,0.874476,10738,0.787775,osmancik
14968,514.801025,220.223999,87.735344,0.917216,15438,0.740917,cammeo
15404,509.516998,217.297577,91.397537,0.907242,15696,0.633701,cammeo
14007,490.660004,205.396118,88.069839,0.903409,14433,0.768939,cammeo
14283,482.697998,202.365631,90.613892,0.894147,14595,0.636497,cammeo
9976,406.07901,168.061203,76.860611,0.889293,10295,0.573366,osmancik
14586,489.544006,206.598694,91.260468,0.897149,14897,0.795571,cammeo
14511,510.285004,216.346497,87.130112,0.915317,14957,0.529985,cammeo
12577,443.145996,181.530548,89.819435,0.869013,12826,0.605566,osmancik
15119,508.34201,213.379303,91.253357,0.903941,15612,0.723778,cammeo
13314,457.697998,182.672318,94.062683,0.857235,13562,0.614511,osmancik
11803,463.80899,201.650696,76.424309,0.925399,12138,0.549488,cammeo
11794,422.10199,169.28566,89.530708,0.848701,12026,0.763959,osmancik
12605,445.692993,183.269257,88.236824,0.876468,12787,0.617589,osmancik
15226,500.170013,205.315002,96.177689,0.883496,15594,0.793434,cammeo
14818,487.015991,197.828979,97.386116,0.87044,15261,0.632599,cammeo
14276,492.839996,208.876953,88.121086,0.906651,14706,0.582456,cammeo
11750,428.375,178.553619,84.704185,0.880314,11869,0.608682,osmancik
14312,488.419006,208.170242,88.408653,0.905337,14692,0.793348,cammeo
12695,464.967987,197.819656,82.437141,0.909031,12981,0.601944,osmancik
14690,506.855011,214.159485,88.876007,0.909822,15064,0.584397,cammeo
14166,483.704987,204.627319,88.992363,0.900479,14412,0.766061,cammeo
14291,481.23999,196.501007,93.871292,0.878515,14618,0.589198,cammeo
11215,421.179993,179.533508,79.690178,0.896089,11373,0.5829,osmancik
11870,432.298004,177.364822,86.766586,0.872173,12143,0.770829,osmancik
16835,522.534973,216.271652,100.43251,0.885635,17404,0.735217,cammeo
12746,446.134003,182.341049,89.760506,0.870444,12993,0.809167,osmancik
14531,492.958008,207.624603,90.522667,0.899951,14913,0.571254,cammeo
12019,442.112,183.981934,84.309151,0.888825,12290,0.580068,osmancik
14792,499.203003,206.160614,92.680344,0.893253,15326,0.694688,cammeo
13372,470.403015,196.081467,88.711082,0.891805,13745,0.583624,cammeo
12730,462.369995,192.693619,85.334305,0.896596,13160,0.633712,osmancik
16679,528.552002,222.779587,96.640068,0.901013,17006,0.569171,cammeo
14625,492.951996,206.589218,91.430786,0.896733,14972,0.739533,cammeo
11023,416.891998,163.019165,88.592018,0.839445,11343,0.710703,osmancik
11617,418.45401,167.914749,88.90757,0.848322,11822,0.760673,osmancik
12483,451.813995,189.899429,84.861847,0.894595,12686,0.595705,cammeo
10335,416.850006,178.799194,74.708611,0.908523,10504,0.711532,osmancik
14101,464.966003,186.483841,97.533211,0.852326,14346,0.678977,osmancik
12470,455.897003,192.461151,83.395531,0.901244,12704,0.581298,cammeo
10585,409.31601,167.748276,81.421661,0.874303,10819,0.683565,osmancik
14189,491.972992,209.936432,86.809097,0.910503,14496,0.550986,cammeo
11249,418.937988,168.608627,86.192291,0.859463,11423,0.621904,osmancik
14289,502.813995,216.608383,85.569382,0.918663,14612,0.541004,cammeo
10879,427.135986,179.450775,78.292778,0.899806,11110,0.735465,osmancik
14560,493.928986,209.508835,89.217888,0.904797,14971,0.631698,cammeo
9768,413.558014,179.79776,69.927971,0.921269,9943,0.702532,osmancik
11174,430.304993,175.482773,83.016838,0.881021,11604,0.67366,osmancik
11545,429.097992,176.999298,84.105339,0.879892,11816,0.705857,osmancik
13814,481.415985,203.062347,87.318481,0.902825,14112,0.637471,cammeo
14096,476.95401,198.742188,91.366707,0.888061,14346,0.59932,cammeo
16051,516.174011,214.877182,96.845108,0.892676,16479,0.679638,cammeo
13862,482.213989,199.179626,89.919518,0.892297,14218,0.575904,cammeo
13084,473.766998,195.838242,86.379929,0.897469,13453,0.588045,cammeo
15684,513.890991,221.945328,90.825134,0.912434,15944,0.78201,cammeo
12465,451.515015,190.454941,84.163696,0.89706,12640,0.595955,osmancik
16480,525.153992,220.308121,96.47744,0.899014,16842,0.576264,cammeo
10810,418.204987,173.548004,80.104088,0.887105,11047,0.735224,osmancik
11658,424.533997,170.769943,88.246422,0.856133,11963,0.682993,osmancik
14414,476.321014,194.859756,94.985947,0.873146,14664,0.663873,osmancik
12672,445.542999,180.455276,90.309929,0.865762,12900,0.625685,osmancik
14204,482.170013,201.073883,91.090843,0.891499,14523,0.616012,cammeo
14897,509.631012,219.671921,87.500595,0.917245,15330,0.713663,cammeo
14263,489.446014,205.811783,89.509087,0.900475,14637,0.663179,cammeo
13637,466.653015,193.53421,90.354233,0.884329,13838,0.691672,cammeo
11691,426.279999,176.189957,85.123672,0.875545,11908,0.618244,osmancik
12993,466.239014,199.033524,83.48304,0.907782,13230,0.786644,cammeo
12256,453.464996,189.97113,83.105293,0.899237,12565,0.583619,cammeo
12624,451.756989,188.236359,86.355988,0.888558,12878,0.809023,osmancik
13368,487.550995,202.539627,86.572937,0.904045,13965,0.718246,cammeo
11969,442.158997,177.600113,87.862953,0.86905,12352,0.59273,osmancik
10132,398.671997,162.8452,80.074356,0.870753,10306,0.668911,osmancik
13321,473.993011,199.272568,85.928833,0.90225,13758,0.564569,cammeo
13132,480.019012,199.25293,85.419716,0.903447,13594,0.580908,cammeo
12120,439.713989,181.697937,85.992538,0.880916,12335,0.602535,osmancik
12752,455.35199,191.762238,85.680176,0.894632,12938,0.572403,osmancik
17437,536.898987,230.257462,97.311478,0.906307,17650,0.759154,cammeo
12267,438.264008,175.590973,90.187477,0.858016,12519,0.624084,osmancik
14609,490.247009,206.062271,91.499741,0.896007,14837,0.719655,cammeo
13822,491.661011,212.135406,83.654625,0.918962,14073,0.654699,cammeo
11302,418.200989,167.575058,86.956436,0.854829,11591,0.623559,osmancik
14242,495.739014,210.680923,87.42849,0.90983,14549,0.640954,cammeo
11363,423.265991,175.874161,83.842628,0.879056,11548,0.79135,osmancik
10286,401.789001,159.074661,83.598625,0.850775,10524,0.770141,osmancik
11774,433.729004,180.278488,84.223511,0.884159,12036,0.797696,osmancik
15522,507.242004,213.681931,94.901535,0.895965,15782,0.778904,cammeo
13895,488.252991,207.034485,86.160988,0.909288,14228,0.782905,cammeo
13923,488.708008,209.737457,85.71608,0.912677,14165,0.534226,cammeo
11323,422.437988,169.984558,86.264961,0.861659,11628,0.603121,osmancik
11881,439.184998,183.889526,83.349472,0.891379,12097,0.58283,osmancik
12478,439.221985,176.343948,91.289749,0.855574,12754,0.635822,osmancik
14493,487.335999,205.802292,90.538795,0.898032,14835,0.755789,cammeo
14817,502.583008,211.529022,90.385193,0.904113,15113,0.568028,cammeo
8813,387.721008,164.177704,68.986084,0.907435,9005,0.737366,osmancik
8848,369.778015,150.278763,76.509445,0.860697,9009,0.635815,osmancik
11112,429.653015,172.427139,83.923874,0.873558,11472,0.609211,osmancik
10815,414.062012,171.35051,80.882324,0.881583,11015,0.727646,osmancik
11378,426.614014,179.392212,81.971474,0.889498,11535,0.5968,osmancik
13632,485.937012,205.214951,85.831352,0.908332,13905,0.550121,cammeo
10962,418.661011,171.638901,82.799271,0.875949,11258,0.716471,osmancik
12917,473.234985,200.325333,83.20118,0.909671,13302,0.666099,cammeo
12539,437.425995,174.900574,92.724632,0.8479,12835,0.787378,osmancik
11052,418.950012,170.466446,83.593315,0.871509,11338,0.701982,osmancik
13533,473.932007,196.117554,88.916794,0.891315,13897,0.604557,cammeo
12155,434.274994,174.77681,89.501503,0.858932,12388,0.802946,osmancik
10965,416.973999,174.351746,80.797455,0.886141,11224,0.701087,osmancik
11665,430.440002,172.601288,87.705223,0.861276,11972,0.610222,osmancik
11114,413.07901,170.099411,84.006989,0.869536,11293,0.7604,osmancik
12994,453.94101,192.165985,86.555527,0.892816,13152,0.81416,osmancik
13623,493.567993,211.730484,82.923935,0.920115,14065,0.526554,cammeo
13085,446.307007,179.17305,94.190956,0.850671,13319,0.794571,osmancik
15389,521.304016,226.960999,87.386932,0.922904,15753,0.574645,cammeo
11274,426.850006,177.398102,82.001099,0.886753,11539,0.635334,osmancik
10499,408.729004,165.559372,82.358246,0.86749,10785,0.661313,osmancik
12886,455.518005,189.859894,87.499184,0.887472,13080,0.592296,cammeo
10667,415.237,170.336151,81.368942,0.878525,11041,0.68775,osmancik
14413,502.049988,211.991638,88.647766,0.90837,14826,0.576082,cammeo
10036,402.859009,166.156586,77.91069,0.883252,10255,0.591571,osmancik
14713,493.212006,206.916122,91.648468,0.896558,15162,0.594033,cammeo
14115,486.272003,207.551041,87.78109,0.906159,14422,0.600817,cammeo
13681,478.537994,202.761078,87.023041,0.903214,14015,0.641939,cammeo
9843,383.115997,154.950317,81.356834,0.851071,10024,0.702269,osmancik
11814,428.014008,175.579376,86.321587,0.870799,12000,0.784983,osmancik
12258,447.846008,186.680145,84.94548,0.890475,12616,0.705456,osmancik
14085,489.454987,200.52655,91.235626,0.890501,14670,0.627171,cammeo
12426,451.088989,185.191025,87.460678,0.881452,12779,0.624579,cammeo
10382,405.213013,168.42627,78.958717,0.883303,10599,0.801823,osmancik
13848,475.589996,196.225555,90.747025,0.886639,14260,0.586382,cammeo
12148,440.619995,184.953308,84.697853,0.888982,12328,0.634294,osmancik
12377,465.046997,197.081406,81.922325,0.909512,12669,0.629681,cammeo
11748,433.770996,178.339478,85.625221,0.8772,12053,0.652957,osmancik
14304,489.036987,211.026611,86.839424,0.911406,14483,0.577729,cammeo
11316,418.549011,170.685699,85.69088,0.864845,11497,0.608387,osmancik
14826,514.531982,219.37294,86.885757,0.918223,15170,0.543077,cammeo
13415,464.292999,191.957779,89.882965,0.8836,13660,0.580661,osmancik
13722,482.342987,202.278183,87.753891,0.900996,14189,0.605667,cammeo
16122,539.0,233.913513,89.531082,0.923851,16440,0.51116,cammeo
11295,430.619995,179.136368,81.185036,0.891408,11516,0.691248,osmancik
11509,435.867004,178.424454,83.853867,0.882683,11792,0.584658,osmancik
9778,395.200012,168.146759,74.498978,0.896492,9956,0.620589,osmancik
11166,419.433014,171.464386,84.324661,0.870713,11437,0.604352,osmancik
11150,416.898987,168.020248,85.602165,0.860485,11420,0.725722,osmancik
12199,454.403992,191.909576,82.140762,0.90377,12555,0.750523,cammeo
14982,505.078003,217.36499,88.59523,0.913166,15325,0.559238,cammeo
13803,492.020996,207.049942,87.184105,0.907025,14174,0.569149,cammeo
11639,428.312012,172.371475,87.170174,0.862703,11836,0.706936,osmancik
15126,500.114014,209.166809,93.814209,0.893776,15496,0.706031,cammeo
10949,414.273987,168.063889,84.032837,0.866022,11192,0.615804,osmancik
13098,458.733002,187.315765,90.630081,0.875159,13423,0.60193,osmancik
10469,402.450989,159.39949,84.839005,0.846593,10746,0.774105,osmancik
10492,405.910004,162.797653,83.495193,0.858462,10888,0.62913,osmancik
10986,425.127014,172.678833,83.549088,0.875156,11450,0.729918,osmancik
14470,489.786011,207.362656,89.812645,0.901337,14724,0.619621,cammeo
15437,512.947998,211.408768,94.914803,0.89355,15984,0.731611,cammeo
11568,429.548004,174.586563,85.203918,0.872825,11800,0.601873,osmancik
11133,431.701996,184.952988,77.73632,0.907384,11287,0.552232,osmancik
11320,423.992004,173.091064,84.608818,0.87239,11556,0.598942,osmancik
12899,456.0,184.999374,90.235847,0.872976,13167,0.683644,osmancik
15050,502.591003,206.386581,93.808502,0.890732,15464,0.591216,cammeo
13568,484.64801,208.072098,83.696198,0.915532,13962,0.787921,cammeo
15196,501.303009,212.329758,92.005447,0.901243,15463,0.768406,cammeo
12971,458.035004,192.337463,86.754723,0.892496,13248,0.777451,cammeo
14269,501.040009,214.669357,85.643158,0.916971,14733,0.70001,cammeo
16570,519.122986,221.014481,96.227791,0.900241,16757,0.592336,cammeo
12259,440.029999,177.314545,89.535568,0.863147,12533,0.724142,osmancik
13117,451.868011,173.720901,98.306221,0.824484,13453,0.655621,osmancik
12509,439.447998,177.083374,90.622993,0.859132,12723,0.628214,osmancik
12288,437.821991,179.187958,88.104485,0.870772,12498,0.802718,osmancik
15568,519.455994,222.228088,90.817528,0.912683,15984,0.782705,cammeo
16182,509.921997,211.165024,98.313324,0.885008,16522,0.748128,cammeo
12275,454.692993,181.871292,87.008995,0.878137,12709,0.692681,osmancik
12758,451.369995,180.739441,91.564651,0.862175,13170,0.649064,osmancik
12147,436.070007,177.550217,88.561409,0.866719,12421,0.687047,osmancik
13437,476.113007,202.82048,85.112419,0.907689,13700,0.784139,cammeo
10756,420.085999,170.637085,81.582115,0.878304,10957,0.594977,osmancik
13724,481.770996,200.89267,88.16832,0.898544,14038,0.679541,cammeo
13645,484.325012,205.538971,85.921928,0.908432,13972,0.547135,cammeo
10866,404.358002,163.932358,85.325363,0.853867,11039,0.628674,osmancik
13095,449.346008,180.781403,92.734161,0.858411,13294,0.637226,osmancik
15080,500.006012,209.589279,92.796661,0.896643,15614,0.732323,cammeo
15320,511.929993,218.623154,91.169815,0.908898,15740,0.545642,cammeo
14880,502.881012,217.998657,87.554611,0.915802,15129,0.576699,cammeo
14419,491.67099,203.912354,91.03685,0.894808,14906,0.627814,cammeo
13867,494.653015,213.122238,84.205917,0.918635,14200,0.533592,cammeo
10913,427.618011,170.723297,83.158897,0.873348,11311,0.62571,osmancik
9764,390.957001,160.227097,78.861633,0.87049,9956,0.648814,osmancik
10586,423.746002,181.404663,75.151207,0.910152,10760,0.788529,osmancik
15418,504.759003,209.923996,94.43705,0.893098,15779,0.582691,cammeo
14337,494.299011,206.69278,89.748207,0.900811,14859,0.709893,cammeo
12432,453.040009,190.543655,84.250458,0.896937,12728,0.765753,osmancik
14161,488.687012,206.507462,87.967667,0.904733,14428,0.593952,cammeo
11445,426.181,172.977371,86.00354,0.867639,11734,0.611378,osmancik
14898,501.494995,215.563339,88.770599,0.911271,15156,0.658504,cammeo
11184,416.924988,171.377396,83.964493,0.871757,11349,0.649402,osmancik
14441,495.365997,210.023285,89.203018,0.90532,14805,0.540214,cammeo
12299,446.10199,185.857895,85.452477,0.888036,12528,0.668424,osmancik
11921,422.359009,168.499542,91.071938,0.841352,12169,0.659056,osmancik
15218,508.135986,214.277069,91.710274,0.903779,15685,0.668013,cammeo
11538,418.661011,170.850906,86.498398,0.862369,11741,0.713544,osmancik
11667,447.524994,186.671249,80.842873,0.901357,12039,0.667296,cammeo
11857,433.200012,177.907623,86.170685,0.874871,12171,0.716695,osmancik
9762,397.248993,161.866302,78.295502,0.875231,10126,0.74862,osmancik
13446,476.041992,200.052673,86.590477,0.901472,13814,0.603935,cammeo
10662,408.28299,162.680984,84.363289,0.855028,10934,0.653149,osmancik
11493,447.153992,185.531113,79.752335,0.902896,11801,0.570089,cammeo
12240,454.312988,190.927902,83.6493,0.898917,12555,0.757895,cammeo
12651,467.565002,200.050369,81.172699,0.913979,12991,0.594111,cammeo
10538,401.342987,166.766251,81.170212,0.873552,10682,0.793524,osmancik
12503,446.311005,177.337372,91.158768,0.857765,12777,0.629367,osmancik
10527,408.977997,170.890015,79.379776,0.885569,10692,0.65102,osmancik
11732,441.122986,176.48349,86.192467,0.872626,12076,0.63747,osmancik
12659,445.319,179.943344,90.13163,0.865512,12848,0.61691,osmancik
12408,437.014008,179.741165,88.829605,0.869343,12598,0.636928,osmancik
11022,417.259003,168.611252,84.677879,0.864747,11259,0.607273,osmancik
11715,430.378998,172.751785,87.855309,0.861024,12009,0.778354,osmancik
13111,467.621002,193.567719,88.067871,0.890506,13456,0.619174,osmancik
12670,462.914001,190.205093,86.215233,0.891371,13047,0.7132,osmancik
10536,425.367004,182.950211,73.867653,0.914866,10704,0.750427,osmancik
13385,460.825012,192.646149,89.713486,0.884948,13595,0.612754,cammeo
12714,461.890015,196.560318,83.112396,0.906207,12900,0.641409,cammeo
15778,515.27301,214.037842,95.497665,0.894947,16283,0.686298,cammeo
13337,468.621002,196.771194,87.31041,0.896168,13598,0.694418,cammeo
10156,409.290009,177.744995,73.22963,0.911187,10327,0.751795,osmancik
11961,429.367004,175.44313,87.647926,0.866268,12149,0.611035,osmancik
12314,440.145996,180.836655,87.92054,0.873854,12587,0.804837,osmancik
9972,397.638,165.399582,77.709618,0.882757,10230,0.795215,osmancik
12354,453.089996,192.006744,82.873703,0.902056,12602,0.657617,osmancik
15301,515.526978,220.29213,89.466446,0.913817,15690,0.53767,cammeo
12471,445.373993,184.992065,86.859756,0.882915,12688,0.671784,cammeo
14589,495.929993,210.283936,89.42495,0.905072,14853,0.665101,cammeo
14223,480.953003,201.389557,90.385887,0.893627,14441,0.641948,cammeo
13062,469.424011,200.62883,83.27462,0.90979,13279,0.663214,cammeo
9944,407.360992,169.644745,75.974136,0.894112,10212,0.558589,osmancik
11166,414.890015,165.738785,87.030556,0.851036,11478,0.670953,osmancik
14159,489.436005,209.131317,87.114655,0.909111,14410,0.547949,cammeo
13875,490.838013,207.132233,87.325264,0.906786,14243,0.575631,cammeo
12529,437.838989,174.86145,92.189262,0.849733,12840,0.766019,osmancik
13699,480.729004,197.970917,89.949074,0.890821,14178,0.672047,cammeo
12605,447.661011,183.50119,88.51619,0.875965,12859,0.595756,cammeo
13002,460.127014,191.42421,87.774635,0.888677,13325,0.679452,cammeo
11734,432.621002,177.317261,86.100555,0.874196,11972,0.644584,osmancik
15636,504.182007,212.136246,94.489311,0.895323,15927,0.744997,cammeo
15557,514.536987,214.075119,93.853897,0.898772,15942,0.695565,cammeo
12076,443.992004,181.711487,85.55835,0.882215,12329,0.647889,osmancik
12291,440.957001,186.187775,84.68074,0.890587,12476,0.730173,cammeo
12368,449.858002,182.732376,87.263908,0.878604,12722,0.608661,osmancik
12381,434.158997,173.100739,91.962914,0.847204,12643,0.743157,osmancik
14761,499.510986,210.798767,90.555534,0.903027,15197,0.658327,cammeo
12267,454.024994,190.673599,83.018288,0.90024,12673,0.651668,cammeo
10128,403.725006,166.962952,78.247475,0.883383,10383,0.672242,osmancik
9249,390.20401,162.326981,73.789909,0.890708,9522,0.617588,osmancik
15807,513.510986,219.296326,92.29657,0.907118,16078,0.780978,cammeo
14060,496.035004,211.375519,85.935265,0.913627,14448,0.672599,cammeo
14493,506.841003,219.003082,84.919296,0.921763,14804,0.541107,cammeo
10832,420.076996,167.829391,84.052399,0.865551,11207,0.597298,osmancik
14143,481.90799,199.990723,91.093559,0.890241,14450,0.584228,cammeo
13377,472.960999,199.940781,86.682869,0.901133,13685,0.794831,cammeo
12433,442.481995,173.859314,93.107063,0.844516,12769,0.629838,osmancik
12164,435.085999,177.5858,88.199333,0.867947,12354,0.710224,osmancik
11366,423.11499,171.906647,85.5793,0.867278,11599,0.611404,osmancik
13010,463.419006,194.767563,86.115768,0.896943,13349,0.776948,osmancik
12792,462.072998,194.481003,84.730888,0.900103,13032,0.593927,cammeo
11790,432.326996,181.340698,83.656128,0.887234,11990,0.604615,osmancik
10789,413.73999,170.518295,81.979034,0.87685,11016,0.69054,osmancik
12198,442.42099,183.664185,85.497955,0.885041,12391,0.713834,osmancik
14155,480.522003,200.546738,91.059677,0.890973,14462,0.722194,cammeo
12921,477.121002,197.70015,84.827591,0.90327,13557,0.723947,cammeo
12057,448.44101,183.944962,85.177864,0.886326,12295,0.732681,osmancik
11415,426.165009,173.884598,85.328346,0.871318,11634,0.596395,osmancik
12808,466.924011,197.174667,83.793297,0.905207,13186,0.543726,osmancik
11088,430.587006,184.722015,77.013306,0.908946,11263,0.628358,osmancik
11997,429.660004,170.99939,90.553619,0.848275,12253,0.746361,osmancik
12994,457.190002,187.334793,89.40963,0.878756,13335,0.763589,osmancik
13900,475.889008,198.16893,90.542603,0.88952,14161,0.717234,cammeo
12692,465.171997,193.207321,85.290543,0.897288,13118,0.714801,cammeo
11295,417.337006,174.019943,83.142235,0.878483,11476,0.768577,osmancik
11476,424.78299,169.090424,88.180595,0.853252,11845,0.624544,osmancik
12482,448.539001,185.090042,87.25161,0.881919,12744,0.592688,osmancik
12188,434.213013,171.758896,91.438904,0.846513,12529,0.621964,osmancik
12385,444.678009,177.641632,90.333191,0.861054,12724,0.736545,osmancik
11905,433.25,172.770599,89.236603,0.856285,12224,0.732075,osmancik
14873,499.615997,210.277496,91.583618,0.900171,15195,0.57303,cammeo
15281,509.516998,212.696884,92.993835,0.899358,15689,0.64023,cammeo
12089,439.492004,183.57666,84.694679,0.887214,12302,0.814513,cammeo
13021,455.97699,185.10437,91.06282,0.870621,13380,0.700656,osmancik
16008,521.007019,222.84523,92.129524,0.910539,16315,0.61188,cammeo
12912,459.739014,188.730362,88.962326,0.881934,13205,0.690481,osmancik
12609,475.359985,202.75441,81.27372,0.916145,13210,0.706941,cammeo
12174,435.368011,174.200012,90.661591,0.853895,12471,0.663867,osmancik
10680,413.803009,171.882019,79.865562,0.885493,10848,0.590773,osmancik
15552,492.981995,198.206268,101.644012,0.858497,15936,0.627451,cammeo
12333,463.154999,196.599442,81.601532,0.909792,12705,0.592022,cammeo
12311,441.406006,174.582825,90.741325,0.854312,12538,0.619266,osmancik
10351,408.996002,168.567886,78.961639,0.883503,10526,0.5941,osmancik
14746,504.313995,220.343445,85.93158,0.920819,14995,0.797512,cammeo
14360,494.457001,205.097,90.116997,0.898298,14825,0.657509,cammeo
13154,451.562012,179.953598,94.313812,0.851656,13428,0.650222,osmancik
13263,487.890991,214.42804,79.641098,0.928468,13491,0.674447,cammeo
15783,510.194,219.551773,92.248108,0.907447,16024,0.797927,cammeo
10878,423.792999,179.846939,77.797897,0.901596,11015,0.58016,osmancik
14965,483.507996,203.523453,94.311249,0.886153,15151,0.775549,cammeo
11546,429.523987,175.658691,84.906822,0.87542,11757,0.606312,osmancik
14350,472.020996,189.902176,97.030525,0.85961,14577,0.651799,osmancik
11268,429.307007,171.264328,85.810791,0.865422,11576,0.608653,osmancik
12444,445.872009,183.350571,87.90731,0.87757,12630,0.604547,osmancik
12220,425.04599,170.332703,91.938866,0.841819,12385,0.72171,osmancik
14990,507.785004,213.485458,90.176323,0.906409,15318,0.565917,cammeo
11779,440.976013,191.882477,78.734428,0.911939,11918,0.583755,osmancik
12692,456.792999,181.232819,91.128044,0.864389,13147,0.783554,osmancik
11874,433.843994,176.611252,87.049492,0.870093,12138,0.734414,cammeo
10842,434.27301,179.434875,79.007355,0.897845,11251,0.545784,osmancik
11914,430.644012,172.009872,90.054367,0.852,12215,0.71633,osmancik
12509,464.509003,201.531494,79.65081,0.918583,12703,0.544817,cammeo
15676,512.335022,214.767853,93.721939,0.899759,15961,0.77928,cammeo
15043,498.299011,206.011703,94.766685,0.887916,15414,0.586884,cammeo
13491,475.345001,198.662338,87.650833,0.897406,13812,0.698834,cammeo
12182,433.837006,180.613724,86.606438,0.877535,12341,0.777905,osmancik
11031,414.440002,170.684662,83.09671,0.873489,11200,0.605567,osmancik
15073,498.362,205.803101,93.996277,0.889606,15476,0.613921,cammeo
11883,438.218994,178.861679,86.565895,0.875078,12204,0.67128,osmancik
12239,432.298004,168.490082,94.254219,0.828894,12489,0.682599,osmancik
12569,454.104004,192.091721,83.936508,0.899481,12811,0.566784,osmancik
11051,421.347992,166.912628,85.748825,0.857949,11421,0.693331,osmancik
12496,449.740997,181.123901,89.783737,0.868492,12870,0.683551,osmancik
10549,414.445007,170.021011,80.424782,0.881047,10868,0.617117,osmancik
14504,502.506989,212.247574,87.932129,0.910145,14895,0.553419,cammeo
14093,488.597992,204.392456,89.159607,0.899841,14463,0.581107,cammeo
10359,409.510986,173.337967,76.875809,0.896273,10510,0.573588,osmancik
11815,430.106995,177.796921,85.678551,0.876232,11993,0.706174,osmancik
9760,399.575012,167.365219,75.544922,0.892333,10012,0.613836,osmancik
13056,485.661011,205.529648,82.625328,0.915635,13492,0.536423,osmancik
8702,381.205994,160.718826,69.733345,0.900969,8924,0.641173,osmancik
11417,419.274994,170.156372,86.503471,0.861135,11584,0.631436,osmancik
10604,409.19101,169.171158,80.426811,0.879761,10780,0.78432,osmancik
10763,411.28299,168.570587,81.799019,0.874375,10963,0.767306,osmancik
10749,412.424988,168.116821,82.588272,0.871016,11012,0.708103,osmancik
14483,512.721008,215.768158,86.279121,0.916572,14912,0.532287,cammeo
12315,444.622986,183.175186,86.464958,0.88158,12523,0.611166,osmancik
11183,414.348999,170.649384,83.88195,0.870852,11321,0.616993,osmancik
15569,528.789001,221.576843,90.982384,0.91181,16286,0.565693,cammeo
12402,437.65799,175.231659,91.145515,0.854079,12595,0.765934,osmancik
13450,470.976013,200.60817,85.92672,0.903622,13728,0.563752,cammeo
10510,420.022003,175.717697,78.40139,0.894944,10756,0.572814,osmancik
14136,488.967987,203.390656,89.786987,0.897285,14475,0.592059,cammeo
14712,496.036011,212.739929,89.092644,0.908085,14925,0.733949,cammeo
11867,434.812988,185.704483,81.847229,0.897635,12004,0.681072,osmancik
10144,403.643005,165.468903,79.175842,0.878091,10399,0.659301,osmancik
12072,452.261993,192.721909,80.288368,0.909089,12342,0.694152,cammeo
14378,491.480011,202.711884,91.385803,0.892617,14805,0.640217,cammeo
12735,441.380005,174.737518,94.106598,0.842587,13066,0.697426,osmancik
14588,502.569,214.895615,88.207298,0.911876,14923,0.536146,cammeo
15975,522.804016,218.417679,94.044128,0.902557,16290,0.567637,cammeo
11518,428.709991,175.936081,84.251556,0.877883,11754,0.660398,osmancik
13762,481.769989,205.040787,86.935471,0.905666,14101,0.75549,cammeo
13677,485.528992,207.394608,85.143143,0.911844,13874,0.585663,cammeo
11630,425.516998,173.09642,87.192871,0.863864,11766,0.781691,osmancik
11793,417.160004,163.043839,93.501099,0.819225,12022,0.66171,osmancik
14009,487.062988,208.651657,86.599808,0.909801,14333,0.750107,cammeo
15236,514.79303,223.32785,87.761505,0.919551,15686,0.656243,cammeo
11980,434.626007,180.022202,85.450485,0.880166,12190,0.611724,osmancik
12536,475.145996,205.765945,78.260704,0.924847,12798,0.6949,cammeo
11511,438.972992,182.594376,81.359184,0.895245,11806,0.656908,osmancik
11723,427.625,175.984222,85.708336,0.873389,11916,0.802066,osmancik
11253,422.877991,173.483734,84.126808,0.874555,11556,0.752005,osmancik
12759,455.315002,188.191177,87.082909,0.886496,13082,0.675079,osmancik
15454,500.897003,208.541595,95.323273,0.889418,15773,0.583434,cammeo
10563,408.972992,167.470963,81.028946,0.875157,10782,0.617358,osmancik
13272,471.899994,201.49469,84.153793,0.908609,13492,0.565729,cammeo
14106,485.579987,199.921066,91.590416,0.888884,14515,0.576226,cammeo
15469,514.906982,221.018341,89.767014,0.913806,15860,0.541783,cammeo
15480,494.276001,201.787003,98.618202,0.872438,15760,0.662388,cammeo
10297,426.221985,180.043198,73.698799,0.912382,10621,0.564529,osmancik
12685,468.596008,199.659988,82.198387,0.911323,13042,0.695907,cammeo
11646,435.606995,177.84079,84.547234,0.879764,11902,0.622115,osmancik
14226,491.389008,213.786713,85.354118,0.916843,14483,0.664394,cammeo
14518,491.221985,203.761063,92.342896,0.891413,14877,0.741319,cammeo
11181,420.412994,171.033829,84.875694,0.868179,11406,0.792417,osmancik
11986,432.290985,172.400635,89.625938,0.854245,12279,0.658825,osmancik
15486,492.694,204.372131,97.678001,0.878391,15688,0.601165,cammeo
13574,481.157013,206.467651,84.424492,0.912579,13870,0.809615,cammeo
11335,426.584015,172.746994,85.120766,0.870172,11618,0.666765,osmancik
12042,441.809998,182.176743,85.043594,0.884353,12302,0.640805,osmancik
12193,433.957001,170.472778,92.653175,0.839405,12558,0.624673,osmancik
13930,495.270996,213.526642,84.433731,0.918498,14564,0.549637,cammeo
10847,414.450989,165.585175,85.007294,0.858164,11148,0.679722,osmancik
14645,485.113007,201.153778,93.580399,0.885196,14889,0.646407,cammeo
10849,410.493988,167.984711,82.654732,0.870574,11025,0.609152,osmancik
12642,462.80899,198.404709,81.745171,0.911178,12878,0.605982,osmancik
10364,417.102997,171.731155,78.380775,0.889767,10737,0.571208,osmancik
11752,428.661011,172.259766,89.063751,0.855966,12082,0.65,osmancik
11794,434.618988,176.444443,86.102844,0.87285,12110,0.598376,osmancik
12625,448.337006,182.101944,89.709946,0.870236,12833,0.609874,osmancik
10736,416.799988,176.135254,78.643623,0.894786,10930,0.798097,osmancik
12075,430.471008,176.182816,88.514061,0.864636,12248,0.802326,osmancik
12749,443.437012,177.173203,92.915977,0.85145,13028,0.740102,osmancik
11961,448.565002,189.180145,81.786453,0.90172,12275,0.753401,osmancik
12214,444.291992,180.875397,87.683945,0.874639,12525,0.625845,osmancik
11883,429.131012,171.33429,89.824509,0.851555,12179,0.76364,osmancik
12103,456.36499,189.785934,82.76078,0.899911,12483,0.629054,osmancik
10559,411.088013,160.053024,86.123528,0.842885,10889,0.626721,osmancik
10737,414.471985,170.457581,81.170288,0.879342,10986,0.611795,osmancik
10427,408.157013,164.55423,81.857872,0.867491,10689,0.795104,osmancik
14254,491.260986,207.767181,88.613701,0.904485,14607,0.569613,cammeo
15811,514.377991,218.731369,93.164375,0.904756,16135,0.818671,cammeo
11975,434.911011,176.540283,87.285217,0.869223,12216,0.760317,osmancik
10765,413.677002,164.795029,84.791206,0.857475,11127,0.608708,osmancik
10201,403.307007,166.233841,78.989838,0.879892,10432,0.609707,osmancik
12299,437.131989,175.004623,91.060959,0.853962,12551,0.623429,osmancik
13846,479.587006,197.004593,90.915504,0.887146,14200,0.717558,cammeo
12349,467.665009,202.687805,78.67498,0.921593,12572,0.548162,cammeo
14101,479.31601,199.087143,90.980125,0.889474,14383,0.619688,cammeo
14892,503.338989,209.620895,91.802971,0.899001,15338,0.65566,cammeo
14186,484.059998,201.192307,91.258774,0.891211,14560,0.766521,osmancik
14520,496.020996,208.425705,90.746391,0.900242,14930,0.590965,cammeo
12743,449.230011,180.944763,90.807716,0.864953,13044,0.619374,osmancik
12260,453.238007,190.846863,83.030708,0.900399,12586,0.788323,osmancik
11266,414.729004,166.427353,87.768524,0.849637,11452,0.619011,osmancik
14212,484.946014,205.003235,89.615501,0.899393,14502,0.752196,cammeo
11248,420.290009,171.223129,84.842216,0.868604,11521,0.715658,osmancik
14115,483.779999,206.841873,88.068649,0.904828,14312,0.747656,cammeo
13043,471.356995,199.289642,84.550697,0.90554,13422,0.736435,cammeo
10737,412.306,165.55162,83.921928,0.861991,11017,0.614104,osmancik
11016,421.100006,173.156006,82.32682,0.879743,11302,0.781609,osmancik
9585,397.720001,163.853119,75.408058,0.887806,9759,0.726301,osmancik
11549,425.220001,174.226974,85.784653,0.870384,11805,0.630129,osmancik
13115,461.036011,195.018738,86.782837,0.895532,13381,0.738457,cammeo
13203,469.466003,199.341858,85.389572,0.903609,13431,0.601558,cammeo
13258,476.091003,195.304779,88.264824,0.892052,13583,0.575434,osmancik
15746,503.230988,204.874435,99.448708,0.874285,16171,0.753037,cammeo
12023,442.334991,181.176743,85.414963,0.881895,12282,0.6013,osmancik
12445,440.576996,184.655212,86.310196,0.884039,12597,0.672303,osmancik
16418,534.98999,230.158585,91.787178,0.917038,16736,0.646276,cammeo
11483,437.024994,185.75238,79.081734,0.904847,11665,0.57507,osmancik
11580,428.709015,173.488083,86.639183,0.866374,11921,0.747772,osmancik
11919,434.263,175.564178,87.846733,0.865813,12152,0.609636,osmancik
13148,481.721985,201.51889,84.541534,0.907745,13572,0.623749,cammeo
11339,423.970001,171.706619,85.357735,0.867685,11531,0.679185,osmancik
14124,486.591003,202.960831,89.875801,0.896609,14576,0.702722,cammeo
12070,432.868011,177.194397,87.376205,0.869967,12283,0.762765,osmancik
13057,460.167999,187.128479,90.312775,0.875827,13385,0.750791,cammeo
11108,403.618011,164.106445,86.64312,0.849264,11256,0.796844,osmancik
13235,465.81601,193.545624,88.639442,0.888964,13629,0.565477,cammeo
14277,492.031006,213.299622,85.518372,0.916108,14481,0.542522,cammeo
14440,498.118988,210.273529,88.988152,0.906035,14918,0.776302,cammeo
10427,405.578003,170.561066,78.147079,0.888861,10588,0.676068,osmancik
15133,503.218994,216.575027,89.476143,0.910667,15359,0.592614,cammeo
13533,469.532013,192.396042,91.230415,0.880428,13954,0.621607,cammeo
11500,442.334015,178.839279,84.136497,0.882422,12070,0.588025,osmancik
13002,472.473999,198.077271,85.799171,0.901317,13432,0.694737,cammeo
12465,462.615997,196.44574,82.09127,0.908501,12794,0.730143,cammeo
11136,427.109985,175.653076,81.918777,0.884591,11474,0.574376,osmancik
12890,462.802002,190.343475,87.718559,0.887481,13227,0.585696,osmancik
11240,438.513,186.479736,77.602562,0.909298,11492,0.565222,osmancik
15213,495.416992,206.299973,94.532578,0.888834,15516,0.701351,cammeo
14723,490.709015,205.41713,92.499733,0.892876,15013,0.570195,osmancik
14092,466.447998,185.178238,98.086105,0.848195,14434,0.66384,osmancik
15139,508.970001,217.336014,89.957932,0.910317,15394,0.549889,cammeo
11302,418.95401,172.089905,84.016426,0.872725,11501,0.620035,osmancik
14865,495.071014,202.867859,94.27195,0.88547,15235,0.604195,cammeo
11070,413.420013,168.519669,84.493828,0.865222,11328,0.626592,osmancik
11026,425.01001,179.958771,79.052628,0.898349,11185,0.558618,osmancik
15147,510.015991,213.156174,91.692688,0.902749,15719,0.588736,cammeo
13494,479.446014,203.027344,85.751266,0.906427,13842,0.772941,cammeo
16706,533.625977,228.156174,94.207542,0.910773,17037,0.636249,cammeo
14436,485.825989,204.469955,90.749924,0.896111,14864,0.614481,cammeo
9801,391.964996,162.899048,76.971649,0.881325,9964,0.664745,osmancik
10286,418.289001,175.14859,75.853813,0.901354,10548,0.641592,osmancik
14345,491.019012,207.219833,88.911064,0.903273,14650,0.592622,cammeo
14850,500.298004,213.077896,89.351303,0.907831,15124,0.580214,cammeo
11077,417.321991,175.957581,80.57663,0.888987,11246,0.671333,osmancik
10782,412.880005,165.545868,84.346901,0.860466,11112,0.694717,osmancik
14709,515.849976,222.722839,85.431557,0.923509,14941,0.524797,cammeo
9903,398.667999,163.005844,79.132233,0.874261,10152,0.594418,osmancik
13245,476.136993,204.944397,83.158249,0.91398,13536,0.799626,cammeo
10468,427.713989,182.20401,74.527657,0.912519,10672,0.539922,osmancik
15224,510.881989,213.196167,92.32341,0.901373,15686,0.63953,cammeo
10689,416.255005,170.624237,80.484856,0.881755,10892,0.626921,osmancik
12388,440.449005,175.242462,92.232079,0.850292,12753,0.61348,osmancik
12612,463.595001,197.682938,82.376923,0.909038,12919,0.584051,cammeo
12076,452.542999,188.359161,82.794373,0.898215,12367,0.705869,osmancik
12220,465.686005,200.174164,79.041847,0.918739,12588,0.574383,cammeo
11717,439.730011,182.040543,82.619728,0.891076,11965,0.561482,osmancik
12919,474.601013,207.930206,79.46933,0.924083,13187,0.633781,cammeo
11359,422.846985,171.23999,85.915207,0.865028,11665,0.65964,osmancik
10475,410.993988,170.858704,79.550133,0.885,10739,0.790924,osmancik
12524,444.01001,179.059509,90.166512,0.863963,12746,0.645667,osmancik
12638,454.561005,187.569366,86.984962,0.885967,12902,0.768595,osmancik
11475,447.480988,185.654266,80.180832,0.90193,11818,0.758929,osmancik
13657,481.618988,207.013153,84.518692,0.912858,13872,0.56734,cammeo
13237,466.002991,197.9048,85.709572,0.901353,13445,0.592419,cammeo
14729,496.938995,209.520416,90.887161,0.901016,15131,0.612076,cammeo
13825,483.200012,205.755035,86.982597,0.906247,14023,0.739582,osmancik
15529,509.016998,207.051315,96.988113,0.883503,15993,0.599737,cammeo
10695,406.450989,164.570297,84.045639,0.85976,10930,0.612333,osmancik
12488,469.828003,200.743759,80.046852,0.917059,12932,0.744663,cammeo
15209,517.687988,221.252396,89.175117,0.915179,15653,0.635297,cammeo
9983,402.661987,167.374954,76.765961,0.888619,10187,0.596927,osmancik
11106,415.984985,175.186752,81.157845,0.88622,11257,0.609985,osmancik
10773,407.846985,167.357849,82.643822,0.869567,10931,0.625319,osmancik
11004,412.22699,171.553558,82.59552,0.87647,11199,0.698933,osmancik
10453,421.515991,171.984451,78.826996,0.888778,10701,0.578985,osmancik
11176,427.333008,176.655853,82.132431,0.885348,11438,0.580873,osmancik
12376,455.733002,188.824341,85.174629,0.892484,12702,0.563955,osmancik
14198,485.903015,205.104355,89.319717,0.900196,14414,0.565838,cammeo
13639,482.415009,200.736221,87.733101,0.899434,14042,0.730296,cammeo
12079,445.994995,190.673599,81.133247,0.904954,12462,0.642671,cammeo
15009,502.488007,211.090363,91.761543,0.900574,15370,0.615754,cammeo
13269,458.493988,183.404358,93.340141,0.860807,13619,0.610743,osmancik
13484,468.868988,195.423386,88.78389,0.890841,13786,0.724012,cammeo
11708,433.665009,184.303085,81.251915,0.897576,11888,0.611703,osmancik
12231,450.55899,187.542145,84.038101,0.893982,12504,0.707158,osmancik
16011,525.06897,222.946457,92.382454,0.910108,16298,0.556633,cammeo
15655,488.903015,199.556686,101.026207,0.862385,15880,0.633754,cammeo
11287,419.917999,170.107559,85.727036,0.863728,11557,0.669693,osmancik
15560,502.966003,213.963181,93.120804,0.900325,15789,0.783682,cammeo
10114,398.367004,161.02005,80.849449,0.864805,10305,0.674536,osmancik
12780,448.661011,181.935165,90.707108,0.86685,13038,0.607357,osmancik
12414,453.382996,188.562302,85.325836,0.891761,12721,0.588174,cammeo
16933,521.921997,221.332977,98.098297,0.896415,17212,0.776743,cammeo
10398,405.678986,162.227158,82.393456,0.861422,10658,0.644717,osmancik
11884,434.839996,172.126083,89.208092,0.855216,12184,0.629583,osmancik
12931,460.535004,192.90802,86.56665,0.893659,13302,0.607061,cammeo
14911,494.088989,207.560242,92.410606,0.89542,15132,0.604762,cammeo
12868,454.859009,191.586151,86.508904,0.892251,13082,0.786745,osmancik
11440,425.752014,170.70784,87.128555,0.85994,11816,0.612158,osmancik
13087,468.811005,198.286713,84.871674,0.903767,13488,0.772459,cammeo
12863,457.19101,195.700394,84.500793,0.901976,13023,0.808587,cammeo
13302,482.690002,209.39711,81.748909,0.920645,13827,0.595328,cammeo
10554,406.919006,165.531387,82.370789,0.867398,10841,0.640218,osmancik
13742,493.854004,212.608002,84.886856,0.916836,14272,0.583227,cammeo
10040,394.713013,157.88472,81.774078,0.85542,10231,0.626365,osmancik
11533,424.56601,174.21489,85.423988,0.871533,11773,0.736462,osmancik
11146,425.959991,179.801178,79.562553,0.896767,11302,0.581066,osmancik
15037,501.46701,208.905579,92.304565,0.89709,15452,0.578613,cammeo
11929,439.895996,177.005478,87.950287,0.86782,12262,0.591716,osmancik
13584,478.057007,203.836945,85.427422,0.907942,13877,0.676326,cammeo
11350,445.911011,187.854919,78.408821,0.908727,11771,0.670566,osmancik
12604,452.725006,182.716812,89.784996,0.87094,12945,0.737076,osmancik
13352,514.487,232.480209,73.986763,0.948007,13585,0.592816,cammeo
15639,499.139008,207.980453,96.290375,0.88637,15895,0.706784,cammeo
15556,510.51001,217.102234,92.773216,0.904098,15781,0.607419,cammeo
8501,371.024994,153.896255,71.511909,0.885481,8738,0.639846,osmancik
12975,463.851013,196.423965,85.064117,0.901363,13358,0.609126,cammeo
13467,478.247009,204.718506,85.145714,0.909403,13732,0.547773,cammeo
11669,432.098999,175.277054,86.84153,0.868635,11886,0.779805,osmancik
12487,437.121002,174.211227,92.419571,0.847683,12808,0.695461,osmancik
14658,486.178986,201.886536,93.207771,0.887044,14892,0.648297,cammeo
11642,427.955994,171.078949,87.568672,0.859068,11946,0.736369,osmancik
12615,458.234985,185.041962,88.185654,0.879136,13014,0.621674,osmancik
14551,502.112,208.192444,90.848015,0.899769,14962,0.558023,cammeo
11923,437.938995,184.999664,83.116074,0.893393,12093,0.76234,osmancik
10918,422.489014,176.804901,79.603821,0.89291,11118,0.798859,osmancik
13267,465.032013,193.765594,88.838699,0.888702,13543,0.664413,osmancik
12958,445.696991,178.810974,93.666161,0.851824,13223,0.711978,osmancik
13338,462.533997,194.258331,88.382347,0.890505,13639,0.743105,cammeo
12901,475.303009,209.585968,79.268913,0.925717,13219,0.682809,cammeo
11679,439.186005,181.426773,83.525658,0.887721,11949,0.567493,osmancik
11480,432.824005,174.962463,85.088463,0.873779,11833,0.590839,osmancik
13574,473.221008,197.872772,88.441895,0.894552,13879,0.641251,cammeo
14753,489.536011,207.466003,92.00663,0.896285,14984,0.80468,cammeo
11638,451.009003,195.036133,76.929031,0.918924,11843,0.540598,cammeo
13404,468.214996,191.548416,90.5383,0.881242,13804,0.706515,cammeo
13455,468.862,196.684906,87.984451,0.894365,13730,0.654936,cammeo
11169,431.800995,188.453949,75.714241,0.915743,11332,0.538654,osmancik
13319,468.231995,192.927246,89.337631,0.886325,13694,0.695219,cammeo
12734,466.306,198.725677,82.288086,0.910241,13021,0.634954,osmancik
12649,459.945007,190.436966,85.749496,0.892889,12886,0.698184,osmancik
10844,412.664001,171.029999,81.492851,0.879184,11046,0.817058,osmancik
10984,416.997986,171.717651,82.506721,0.877006,11199,0.747058,osmancik
12205,438.355988,174.43573,90.326477,0.855489,12491,0.618476,osmancik
14251,492.032013,202.84761,91.00605,0.893711,14658,0.560379,cammeo
14730,483.705994,196.451263,96.886429,0.869926,15006,0.653099,cammeo
9373,383.049011,159.378616,75.750366,0.879832,9520,0.723896,osmancik
15764,513.843994,212.16507,95.959908,0.891871,16258,0.604703,cammeo
10897,420.554993,168.118652,83.563011,0.867723,11174,0.640849,osmancik
11297,418.953003,172.967422,84.433464,0.872762,11482,0.622939,osmancik
13672,467.954987,183.55632,97.468727,0.847371,14027,0.615856,osmancik
12602,465.916992,194.455139,84.832008,0.899823,13039,0.650258,cammeo
15676,511.665985,215.813721,93.565674,0.90113,16016,0.77928,cammeo
12754,450.723999,186.267349,88.7173,0.879288,13063,0.801634,osmancik
13780,497.428009,221.7229,79.952133,0.932723,14010,0.550781,cammeo
11189,427.471008,176.942993,81.429337,0.887815,11422,0.599111,osmancik
9577,404.544006,166.900757,74.35096,0.895292,9855,0.612262,osmancik
13274,471.053986,197.612198,86.345535,0.899489,13615,0.623778,cammeo
15862,507.548004,214.873245,94.800117,0.897413,16098,0.808337,cammeo
10289,406.537994,170.243973,77.377975,0.89074,10522,0.624408,osmancik
12223,445.438995,185.029083,85.371506,0.887195,12460,0.796027,cammeo
12209,445.889008,184.875732,85.021408,0.887979,12418,0.617396,osmancik
9967,400.218994,167.238876,76.963234,0.887816,10128,0.664644,osmancik
12262,443.166992,190.679642,82.12513,0.902497,12404,0.618169,osmancik
13176,458.342987,193.337387,87.448395,0.891861,13368,0.640669,cammeo
11413,421.953003,171.325287,85.999313,0.864888,11688,0.699326,osmancik
12466,448.856995,181.193375,88.6875,0.872024,12779,0.60409,osmancik
9360,399.391998,171.010178,70.231064,0.911778,9533,0.692308,osmancik
14023,491.669006,211.159195,85.501366,0.914355,14262,0.539139,cammeo
13484,480.786011,204.207596,84.901291,0.909474,13827,0.658559,cammeo
11710,429.062988,178.2836,84.487625,0.880582,11906,0.593392,osmancik
11432,424.177002,170.664642,86.865425,0.860776,11702,0.660199,osmancik
13183,462.731995,190.426697,89.313583,0.883189,13493,0.68812,osmancik
12620,458.886993,193.896423,84.086067,0.901074,12866,0.752534,osmancik
11200,428.166992,176.107513,82.362442,0.883896,11424,0.584246,osmancik
14871,487.618011,204.191101,93.799767,0.888244,15067,0.763085,cammeo
11889,440.947998,178.992142,85.919945,0.877257,12185,0.76378,osmancik
14640,501.324005,210.291595,90.331734,0.903041,15119,0.586538,cammeo
11536,426.85199,172.189072,87.079926,0.862696,11891,0.605882,osmancik
10355,402.667999,159.891418,83.474182,0.852904,10621,0.636056,osmancik
12280,444.423004,182.707245,86.715797,0.880193,12565,0.663389,osmancik
13479,477.015991,200.053055,86.650291,0.901328,13786,0.657897,cammeo
10657,412.838989,171.124161,80.397842,0.882761,10879,0.724818,osmancik
14758,500.01001,206.285141,92.724869,0.893281,15166,0.582399,cammeo
10297,397.125,160.827591,82.358513,0.858931,10488,0.784713,osmancik
10788,414.907013,169.601593,82.250153,0.874536,11083,0.648317,osmancik
11322,415.885986,169.723618,85.804352,0.862795,11512,0.614258,osmancik
12364,442.855011,175.357391,91.606026,0.852703,12679,0.617891,osmancik
12643,449.34201,184.778076,87.988708,0.879345,12903,0.772044,osmancik
14316,488.985992,204.424271,90.149101,0.897512,14731,0.564177,cammeo
11323,420.058014,169.976776,86.361366,0.861311,11586,0.719195,osmancik
10513,410.035004,165.656601,82.552536,0.866984,10789,0.725535,osmancik
11625,430.43399,176.332947,86.15995,0.872496,11838,0.596797,osmancik
12041,427.290009,174.145447,88.917259,0.859823,12291,0.634672,osmancik
14706,503.307007,212.684021,89.086586,0.908047,15074,0.595964,cammeo
16490,520.31897,212.010757,101.680008,0.877488,16873,0.629365,cammeo
16094,509.979004,215.547592,95.616661,0.896225,16403,0.758793,cammeo
11505,444.394012,187.230057,79.445488,0.905512,11745,0.559255,osmancik
11795,446.18399,189.042877,80.708458,0.904284,12081,0.632813,osmancik
11825,437.450989,182.355576,83.661987,0.888547,12044,0.730028,osmancik
12745,470.303986,205.092682,79.509041,0.921797,12940,0.533174,cammeo
11249,419.002991,166.286514,87.629829,0.849877,11593,0.630055,osmancik
17253,536.69397,223.62706,98.945251,0.89679,17678,0.672999,cammeo
14677,498.798004,209.874146,90.272476,0.902769,15060,0.647848,cammeo
12558,439.776001,173.442764,93.39814,0.842628,12804,0.638889,osmancik
12406,449.713989,188.507385,84.517654,0.893857,12602,0.798327,osmancik
14142,470.713013,180.698578,101.76226,0.826348,14709,0.702743,osmancik
14855,495.898987,208.570618,92.427223,0.89645,15191,0.590609,cammeo
15777,515.684021,218.698242,93.205093,0.904638,16111,0.567192,cammeo
14814,503.14801,217.256775,88.178268,0.91393,15110,0.545113,cammeo
12022,431.230988,176.250488,87.951378,0.866594,12205,0.785341,osmancik
14318,477.493988,195.02356,94.594727,0.874491,14585,0.760867,cammeo
10875,418.981995,166.690399,85.329582,0.859042,11334,0.762195,osmancik
11593,435.390991,182.150681,81.851364,0.89335,11845,0.692864,osmancik
14953,503.752014,217.103683,88.614922,0.912907,15229,0.723136,cammeo
14928,499.393005,212.403793,90.708084,0.904226,15269,0.797436,cammeo
14061,470.748993,190.290009,95.005402,0.866449,14347,0.618012,cammeo
12837,445.638,178.198288,93.731232,0.850488,13197,0.762926,osmancik
12279,441.227997,180.483948,88.037979,0.872962,12525,0.596473,osmancik
11421,441.161011,189.521851,77.256622,0.913143,11610,0.551792,cammeo
14617,495.450012,207.315887,90.707466,0.899203,14950,0.637907,cammeo
11639,434.605988,178.853333,84.306038,0.881936,11941,0.699543,osmancik
13553,455.190002,179.360229,97.497017,0.839356,13877,0.721211,osmancik
11730,429.821991,176.972916,85.217445,0.876431,11900,0.595129,osmancik
12273,441.19101,182.099152,86.593506,0.8797,12469,0.620978,osmancik
10912,424.881989,171.862503,81.766594,0.879571,11282,0.612758,osmancik
12062,432.623993,175.896805,88.783043,0.863268,12318,0.615911,osmancik
11544,421.846008,170.345825,87.417503,0.858283,11800,0.656506,osmancik
13404,476.205994,203.311569,84.621994,0.909265,13751,0.634659,cammeo
10502,402.834015,162.625137,83.314598,0.8588,10798,0.639197,osmancik
12328,444.705994,183.82814,86.619659,0.882027,12659,0.625406,osmancik
13344,469.528015,196.687897,87.381638,0.895895,13609,0.599138,osmancik
10819,413.256989,165.161392,84.571617,0.858953,11091,0.609521,osmancik
12234,440.0,178.696533,88.447304,0.868917,12435,0.62412,osmancik
11386,450.119995,195.460434,75.842888,0.92165,11612,0.51286,cammeo
15330,501.696991,209.679321,93.872726,0.894185,15617,0.582624,cammeo
12274,456.123993,194.487381,81.239029,0.908581,12562,0.709644,cammeo
16412,508.367004,210.57486,99.994179,0.88006,16759,0.730591,cammeo
12450,456.221008,191.142868,84.213417,0.897714,12740,0.572151,cammeo
14930,506.781006,207.596664,92.551514,0.895121,15361,0.612513,cammeo
13066,478.002014,207.516754,80.515671,0.921661,13348,0.557804,cammeo
10262,412.768005,166.648804,80.325958,0.876167,10554,0.575805,osmancik
11923,432.334015,174.236618,88.131599,0.862642,12187,0.624502,osmancik
14260,501.040985,208.833176,88.963158,0.904723,14737,0.613175,cammeo
14246,488.915985,210.753723,86.885178,0.911067,14453,0.748057,cammeo
10499,403.278015,162.457336,83.755119,0.856859,10749,0.744927,osmancik
12149,455.562012,191.445724,82.05867,0.903482,12510,0.714227,cammeo
17404,521.86499,211.063019,106.337822,0.863809,17739,0.684658,cammeo
15319,506.024994,208.227753,94.838745,0.890258,15813,0.573702,cammeo
10085,412.13501,172.962112,75.260658,0.900369,10351,0.69831,osmancik
15168,504.980011,212.826035,91.61982,0.902595,15432,0.583654,cammeo
10975,412.738007,169.450119,83.243614,0.871014,11149,0.787077,osmancik
11813,430.255005,172.569534,88.026764,0.860118,12088,0.717505,osmancik
12918,459.828003,193.346573,86.05883,0.89548,13179,0.776696,osmancik
11387,434.792999,182.106934,80.468185,0.897078,11612,0.564719,osmancik
12653,461.619995,195.89386,83.499298,0.904607,12973,0.576499,cammeo
14407,494.98999,208.749039,88.662857,0.905318,14716,0.573756,cammeo
10982,411.574005,164.911362,86.450714,0.85158,11289,0.703794,osmancik
14324,487.252991,195.945145,94.841354,0.875057,14822,0.757403,cammeo
12075,434.660004,179.197144,86.490692,0.87581,12229,0.603087,osmancik
13029,460.416992,184.947891,91.331963,0.869561,13410,0.761574,osmancik
14732,497.694,207.468201,91.294472,0.897978,15000,0.580366,cammeo
14956,490.256012,204.541229,93.751289,0.888772,15196,0.672785,cammeo
14505,492.682007,205.41214,90.76255,0.897086,14834,0.582952,cammeo
13921,486.388,203.184174,88.837959,0.89935,14334,0.580187,cammeo
12042,440.700012,177.111359,88.22966,0.867086,12424,0.751685,osmancik
14217,472.315002,196.744476,92.903786,0.881489,14426,0.599873,osmancik
13388,466.462006,191.9375,90.366806,0.882233,13644,0.753999,osmancik
11874,435.936005,177.280029,86.489639,0.872916,12097,0.722483,osmancik
12300,434.647003,177.625458,89.041885,0.865279,12472,0.78524,osmancik
16146,509.332001,213.620026,96.648804,0.891798,16404,0.596762,cammeo
11944,434.924011,182.873962,83.638435,0.889284,12090,0.617197,osmancik
11247,419.19101,173.84549,82.959312,0.878794,11439,0.69272,osmancik
16190,529.661011,224.386856,93.107422,0.909848,16530,0.534818,cammeo
11961,445.053009,182.443893,85.08979,0.88458,12370,0.612254,osmancik
11682,423.373993,168.39949,89.374191,0.847543,11963,0.715809,osmancik
11550,426.843994,173.185654,86.172104,0.867423,11766,0.613741,osmancik
11564,428.083008,171.938721,86.843109,0.863072,11839,0.616747,osmancik
11992,431.157013,173.300003,89.585136,0.856024,12274,0.770199,osmancik
10666,416.424011,173.893509,78.457436,0.892433,10825,0.594736,osmancik
13132,471.803986,199.556534,84.988335,0.904777,13423,0.753673,cammeo
13005,467.799988,199.964996,83.361305,0.908962,13251,0.552934,osmancik
11772,434.085999,183.588318,82.08577,0.894475,11937,0.650998,osmancik
9441,384.339996,164.226379,73.375168,0.894637,9566,0.724503,osmancik
10611,414.402008,171.142731,79.867859,0.884429,10874,0.71392,osmancik
14688,507.166992,211.743378,89.312454,0.906691,15262,0.646024,cammeo
13196,474.988007,199.981308,85.658165,0.903622,13463,0.556465,cammeo
12765,460.346008,196.390549,83.898972,0.904155,13139,0.574353,cammeo
10365,416.338989,169.586578,79.641495,0.882868,10684,0.592963,osmancik
13283,477.289001,198.27066,86.355453,0.900168,13616,0.611134,cammeo
11317,420.153015,169.624741,86.444336,0.860399,11479,0.613487,osmancik
14401,482.175995,203.07222,91.351601,0.893105,14608,0.716503,cammeo
10576,417.019989,175.390823,77.455589,0.897204,10729,0.565925,osmancik
11298,436.656006,183.299423,79.593262,0.900804,11650,0.725813,osmancik
11889,426.647003,172.26799,89.44281,0.854648,12162,0.611574,osmancik
12819,472.690002,202.344025,81.207306,0.915932,13137,0.653964,cammeo
13711,483.214996,203.880768,86.626907,0.905245,14097,0.561466,cammeo
10820,424.781006,178.765762,78.07856,0.899576,11081,0.714852,osmancik
15292,510.483002,219.659027,89.133133,0.913971,15511,0.543194,cammeo
10915,419.585999,171.542328,82.831711,0.875695,11246,0.783448,osmancik
11428,418.61499,168.178986,87.298347,0.854726,11589,0.628292,osmancik
11553,432.477997,177.964401,84.063377,0.881405,11845,0.581546,osmancik
11784,438.119995,181.757889,83.744362,0.887532,11981,0.803765,cammeo
13990,484.046997,205.397797,87.649048,0.90438,14315,0.590794,cammeo
13054,478.453003,203.219635,83.080849,0.912614,13329,0.799877,osmancik
13003,478.587006,197.88121,85.531593,0.90176,13402,0.588851,osmancik
11550,420.837006,172.539368,85.411789,0.868877,11734,0.694695,osmancik
10961,419.388,169.579147,84.24118,0.867884,11323,0.758547,osmancik
12071,441.179993,178.041199,87.770515,0.870041,12442,0.738017,osmancik
10787,405.898987,167.385284,82.442017,0.870296,10956,0.721732,osmancik
11869,434.252014,177.87265,86.16555,0.874834,12144,0.621511,osmancik
11994,444.760986,183.449127,84.426971,0.887805,12262,0.724188,osmancik
10390,420.794006,174.045639,77.643303,0.894979,10689,0.728816,osmancik
12297,440.601013,173.326355,92.037537,0.847367,12678,0.722163,osmancik
12183,450.665985,189.073669,83.808586,0.896394,12432,0.81004,osmancik
15375,515.422974,215.999298,91.616936,0.90559,15780,0.597598,cammeo
11802,430.052002,175.27475,86.66317,0.869211,12024,0.621256,osmancik
9154,383.677002,158.317368,74.560013,0.882158,9346,0.747509,osmancik
14966,490.743011,207.63942,92.164223,0.896093,15158,0.788847,cammeo
11353,431.479004,182.002411,80.062958,0.898046,11579,0.716639,cammeo
14960,510.729004,218.369873,88.059525,0.915086,15235,0.578276,cammeo
11703,422.053009,166.010406,91.124954,0.835881,12023,0.653762,osmancik
14439,490.470001,204.828064,91.048462,0.895773,14815,0.791395,cammeo
15159,515.130981,216.06192,91.025703,0.906924,15685,0.650713,cammeo
13909,475.618011,199.607269,89.944199,0.892723,14241,0.727877,cammeo
16226,517.684021,217.080566,95.938377,0.897041,16466,0.583145,cammeo
13837,483.593994,204.310928,87.289253,0.90414,14139,0.569424,cammeo
11842,441.910004,187.698776,80.81311,0.902568,12044,0.632417,osmancik
12084,434.674011,177.525421,88.046173,0.868343,12321,0.627219,osmancik
12232,440.403015,175.67868,90.061951,0.858597,12525,0.772515,osmancik
13789,471.303009,198.523468,88.712883,0.894602,14025,0.631364,cammeo
15526,514.390991,216.918579,91.829582,0.905972,15936,0.580845,cammeo
12434,437.897003,183.228729,87.010155,0.880055,12605,0.725015,osmancik
11267,421.868988,170.356216,86.010986,0.863184,11576,0.740763,osmancik
12003,433.520996,178.550385,86.432732,0.875024,12171,0.766475,osmancik
9802,396.81601,166.890213,75.117012,0.892979,9948,0.571179,osmancik
13295,475.743011,199.240738,86.083778,0.901845,13639,0.615994,cammeo
14850,498.442993,213.761276,88.98867,0.909228,15071,0.696496,cammeo
10697,407.807007,168.217834,81.617401,0.874409,10824,0.600281,osmancik
12911,446.753998,187.872101,88.200142,0.882949,13071,0.771082,osmancik
11625,421.390015,167.714798,89.46257,0.84585,11904,0.694279,osmancik
9335,388.806,160.156158,75.164803,0.883027,9536,0.623331,osmancik
12188,435.860992,182.032669,85.781174,0.882005,12363,0.76577,osmancik
14317,499.110992,206.779419,89.82534,0.900719,14815,0.804235,cammeo
14104,467.800995,189.494904,95.647011,0.863267,14409,0.789698,osmancik
11573,446.924011,186.348785,80.142288,0.902797,11884,0.572241,osmancik
13930,484.862,205.272461,87.235489,0.905205,14330,0.799426,cammeo
11386,431.785004,176.87677,83.323326,0.88209,11713,0.680981,osmancik
11792,443.911011,186.197235,81.231087,0.899819,12012,0.625338,osmancik
10527,403.347992,163.069244,83.840187,0.857707,10725,0.635036,osmancik
16401,521.077026,213.10257,99.541893,0.8842,16781,0.726608,cammeo
10810,415.303009,169.004456,82.43158,0.872984,11029,0.698095,osmancik
15042,502.213989,212.094376,91.292694,0.902622,15416,0.70211,cammeo
13665,472.515991,199.54422,87.684639,0.898279,13944,0.711422,cammeo
11840,420.140991,166.928894,90.981285,0.838416,12021,0.796609,osmancik
17442,539.776001,228.593475,98.192047,0.903044,17698,0.576252,cammeo
11513,438.625,189.722214,77.685509,0.912324,11736,0.684239,cammeo
12442,459.535004,187.50885,87.187302,0.885323,12941,0.58758,cammeo
9918,398.954987,161.467606,79.893532,0.869009,10270,0.622091,osmancik
12663,441.287994,180.87674,89.985054,0.867468,12833,0.716436,osmancik
15178,514.742004,219.332962,89.011238,0.91395,15638,0.787567,cammeo
11907,448.061005,188.302399,82.261765,0.89953,12156,0.761317,osmancik
11322,435.200989,180.428497,82.209793,0.890166,11650,0.659406,osmancik
12422,482.197998,209.213623,76.837036,0.930116,12783,0.498075,cammeo
10855,417.316986,167.338013,84.229805,0.864082,11135,0.604836,osmancik
9908,432.769012,188.187683,67.695343,0.933059,10205,0.61168,cammeo
14451,487.220001,201.294693,92.739525,0.887548,14776,0.647272,cammeo
12900,442.686005,181.080261,91.612076,0.862581,13112,0.787546,osmancik
11502,429.742004,178.263748,83.293793,0.884125,11715,0.773608,osmancik
12152,454.212006,198.899597,78.323006,0.919204,12338,0.78547,osmancik
12959,455.266998,181.209793,92.447594,0.860074,13375,0.622191,osmancik
12126,432.950989,169.804749,92.438988,0.838836,12476,0.75186,osmancik
13201,461.519012,192.885086,87.833313,0.890304,13408,0.634908,cammeo
12692,448.061005,182.193176,90.433662,0.868116,12999,0.735086,osmancik
11883,440.541992,187.205353,82.019867,0.898913,12057,0.56211,osmancik
11584,434.739014,180.847427,82.183746,0.890779,11863,0.681733,osmancik
11964,447.506012,191.443848,80.27491,0.907842,12166,0.754684,osmancik
11197,429.450012,178.216919,81.277374,0.88995,11461,0.568838,osmancik
12181,456.937988,194.855164,80.284866,0.911173,12489,0.584894,cammeo
12831,455.242004,187.26712,88.070618,0.88251,13084,0.616519,osmancik
11303,423.954987,173.83696,83.376488,0.877474,11527,0.619682,osmancik
9722,373.752991,145.264465,87.054474,0.800538,9839,0.819109,osmancik
11084,435.144989,180.913895,79.568298,0.898089,11451,0.607942,osmancik
10824,416.415009,170.87822,81.732399,0.878192,11046,0.590507,osmancik
13874,486.817993,207.807236,85.490265,0.911458,14116,0.5694,cammeo
10182,404.848999,168.118958,77.888809,0.886204,10369,0.792744,osmancik
12692,443.143005,182.932831,88.952599,0.873815,12849,0.638238,cammeo
14627,498.072998,205.787537,92.428314,0.893459,15091,0.605522,cammeo
14403,491.059998,207.680573,89.843361,0.901584,14708,0.596892,cammeo
10777,409.27301,165.138016,84.580215,0.858879,10987,0.806481,osmancik
13792,475.782013,196.706589,90.347107,0.888282,14183,0.773268,cammeo
11433,426.924988,175.868515,84.198082,0.877948,11719,0.607524,osmancik
10647,411.132996,170.060837,80.819351,0.879857,10829,0.806591,osmancik
11912,439.635986,179.9776,85.302696,0.880545,12222,0.603965,osmancik
10413,427.368011,183.976044,72.429832,0.919243,10591,0.771333,osmancik
10697,408.843994,163.875229,84.585052,0.856495,10995,0.758115,osmancik
11488,416.377991,170.4048,86.138885,0.862829,11663,0.753213,osmancik
13414,480.287994,199.48291,86.842857,0.900266,13933,0.555054,cammeo
12894,480.084991,192.821747,85.92984,0.89521,13141,0.622628,osmancik
15223,514.906982,220.368561,89.436378,0.91394,15492,0.550282,cammeo
11300,415.472992,166.072968,87.740082,0.849044,11579,0.612632,osmancik
13293,470.265991,197.959351,86.076065,0.900519,13553,0.713756,cammeo
12735,473.050995,200.684448,81.731178,0.913311,13140,0.537614,cammeo
11318,427.756012,175.574661,83.88063,0.878496,11628,0.589479,osmancik
12764,449.549011,185.938095,88.239365,0.880221,12950,0.724322,osmancik
8965,383.481995,156.289444,74.677078,0.878462,9317,0.620286,osmancik
15366,508.792999,211.37265,93.967804,0.895749,15746,0.564594,cammeo
11862,436.299988,177.200211,86.444992,0.872934,12146,0.761556,osmancik
12549,448.847992,175.846039,92.878189,0.849133,12989,0.664989,osmancik
11068,423.972992,172.015579,82.985367,0.875935,11323,0.605305,osmancik
12337,446.220001,180.541809,87.792908,0.873806,12628,0.612927,osmancik
10877,424.575012,175.606888,80.033264,0.890107,11152,0.615981,osmancik
12121,439.84201,183.467026,84.764404,0.886872,12389,0.648737,osmancik
11140,429.796997,179.196747,80.076569,0.894602,11346,0.589106,osmancik
9622,403.773987,170.717987,72.925407,0.904172,9897,0.7029,osmancik
11835,431.033997,180.461838,84.144409,0.884641,12016,0.633023,osmancik
12461,454.096008,191.91452,83.661201,0.899981,12683,0.561509,cammeo
13704,472.061005,191.968094,92.88044,0.875161,14102,0.747423,osmancik
14272,487.703003,207.798737,88.067162,0.905751,14510,0.583007,cammeo
11571,432.67099,183.705597,80.560204,0.898717,11741,0.662222,cammeo
14759,493.803986,207.784576,91.685654,0.897383,15106,0.705868,cammeo
10171,400.444,165.21347,79.217323,0.87755,10339,0.623338,osmancik
12695,447.834015,179.082382,91.473244,0.859706,12947,0.607969,osmancik
10509,405.057007,166.504105,81.150124,0.873192,10722,0.674432,osmancik
10309,396.539001,161.233414,81.937103,0.861245,10478,0.70755,osmancik
10148,408.227997,168.725357,77.143326,0.889358,10409,0.583252,osmancik
14034,491.731995,205.505112,88.352058,0.902864,14448,0.555912,cammeo
11901,436.140991,174.572891,88.446884,0.862153,12172,0.583097,osmancik
12343,443.613007,177.42363,90.406235,0.860441,12712,0.662961,osmancik
9165,380.660004,156.670395,75.540009,0.876084,9366,0.654362,osmancik
14918,500.270996,210.424606,91.210541,0.901173,15185,0.640725,cammeo
14436,486.989014,204.497696,90.864365,0.895863,14709,0.641857,cammeo
13509,480.466003,207.137161,83.940163,0.914211,13732,0.595635,cammeo
11746,431.826996,174.580063,87.348961,0.86583,12096,0.718849,osmancik
14560,487.128998,200.739517,93.226585,0.885617,14867,0.673451,cammeo
14005,485.455994,207.13385,86.875511,0.907794,14212,0.563808,cammeo
13269,485.61499,207.122452,83.323975,0.915511,13741,0.71477,cammeo
14950,496.884003,207.8228,93.109138,0.894023,15422,0.579323,cammeo
11065,416.084015,172.181198,82.184883,0.878732,11222,0.61788,osmancik
10574,415.957001,172.7043,78.681396,0.890193,10831,0.672775,osmancik
11102,423.593994,173.862564,82.359337,0.880684,11332,0.591539,osmancik
12172,433.597992,174.299408,90.694946,0.853959,12401,0.638447,osmancik
9017,378.790985,155.36972,74.754425,0.876644,9290,0.664089,osmancik
12347,452.290009,186.896042,85.229897,0.889965,12659,0.605245,osmancik
11051,424.976013,180.871902,78.26738,0.901527,11240,0.568058,osmancik
13929,487.981995,202.954391,87.970985,0.901177,14266,0.655328,cammeo
15158,513.726013,218.820007,89.371689,0.912792,15591,0.701759,cammeo
12735,440.733002,175.246078,94.10067,0.843606,13037,0.799686,osmancik
12483,440.615997,176.643509,91.677307,0.854777,12747,0.620582,osmancik
9346,383.743988,158.048874,75.982887,0.876855,9539,0.679018,osmancik
13909,474.112,197.458374,90.174065,0.889634,14227,0.742962,cammeo
9225,387.824005,163.404984,72.745522,0.895438,9422,0.585046,osmancik
16798,529.077026,222.796631,97.683426,0.898759,17173,0.638173,cammeo
11759,429.338013,169.328918,89.802452,0.847783,12011,0.670487,osmancik
10910,413.095001,165.880432,85.086632,0.858425,11243,0.707706,osmancik
12709,456.174011,191.373413,85.739838,0.894022,12934,0.782815,cammeo
11130,413.408997,168.74588,85.284798,0.862883,11320,0.788802,osmancik
12887,468.833008,197.763214,83.724174,0.905964,13241,0.55677,cammeo
11718,439.20401,182.264587,82.595604,0.891428,11967,0.648837,osmancik
12580,479.21701,208.423752,77.740341,0.927835,12879,0.573068,cammeo
11710,424.490997,173.790039,86.498947,0.867337,11880,0.732791,osmancik
15915,528.156982,231.594482,88.571022,0.92398,16251,0.813027,cammeo
16194,528.120972,226.87439,91.635185,0.914802,16524,0.552018,cammeo
15209,496.565002,214.050079,91.026321,0.905073,15395,0.56937,cammeo
11861,438.644989,177.915512,86.466064,0.873962,12150,0.589396,osmancik
11179,418.709991,171.108383,84.566391,0.869333,11440,0.735606,osmancik
11351,417.692993,171.051056,85.548691,0.865947,11549,0.743256,osmancik
11487,428.088989,173.954773,85.487694,0.870914,11695,0.648617,osmancik
10962,415.0,170.098145,82.885666,0.873245,11152,0.620373,osmancik
15326,505.377991,208.099075,95.357681,0.888833,15684,0.586215,cammeo
13130,463.278015,184.313965,91.934738,0.86672,13485,0.710383,osmancik
12175,431.727997,178.557449,87.793678,0.870774,12345,0.800197,osmancik
12387,445.614014,175.629654,91.311302,0.854222,12789,0.65512,osmancik
10458,396.09201,161.551849,83.170044,0.857299,10642,0.695577,osmancik
10187,404.967987,160.22644,82.329002,0.857893,10489,0.616273,osmancik
13198,468.455994,200.49115,84.691689,0.9064,13455,0.731921,cammeo
8709,383.527008,164.193893,67.932884,0.910397,8873,0.767989,osmancik
12326,459.682007,194.340973,82.079468,0.906434,12686,0.619335,cammeo
14229,485.118988,206.597687,88.721329,0.903095,14455,0.745169,cammeo
10588,410.936005,169.827881,80.418762,0.880777,10783,0.783774,osmancik
12287,451.207001,190.119324,83.281868,0.89895,12599,0.590012,osmancik
13809,489.022003,213.825546,82.494034,0.922582,14070,0.805753,cammeo
10842,415.658997,169.434601,82.636169,0.873002,11153,0.733063,osmancik
11332,449.26001,194.781921,75.369347,0.922104,11671,0.673682,cammeo
12249,440.385986,178.588104,88.6605,0.868064,12538,0.773198,osmancik
12219,436.205994,179.435913,87.933968,0.87169,12434,0.603407,osmancik
11999,465.65799,194.784256,80.43824,0.910749,12364,0.537012,cammeo
15199,489.544006,205.315735,94.808701,0.887,15419,0.763999,cammeo
15264,506.665985,208.761429,95.73719,0.888645,15712,0.607522,cammeo
14009,481.97699,198.525085,91.063232,0.888592,14455,0.6842,osmancik
11838,440.256012,181.323273,83.838394,0.886687,12165,0.601524,cammeo
12590,447.532013,180.02446,89.974594,0.866146,12875,0.669111,osmancik
13975,482.588989,203.416412,88.667152,0.9,14275,0.672651,cammeo
13340,471.639008,197.410065,87.425804,0.896589,13712,0.765611,cammeo
11100,416.356995,160.558121,90.101173,0.827697,11456,0.636249,osmancik
12452,445.07901,179.026138,89.891129,0.864803,12710,0.617965,osmancik
13207,469.700012,196.487503,87.339012,0.895778,13546,0.574542,cammeo
11080,429.417999,175.215881,82.177803,0.883193,11277,0.569549,osmancik
10800,406.483002,163.408966,85.191101,0.853351,10960,0.630657,osmancik
9772,394.983002,155.292648,82.31694,0.84795,10154,0.691285,osmancik
9028,390.441986,165.495682,69.939743,0.906313,9260,0.772284,osmancik
14720,494.862,207.092712,91.498894,0.897101,15071,0.704003,cammeo
13864,491.446014,206.883698,86.350624,0.908729,14221,0.715968,cammeo
16085,520.705994,217.496307,95.405571,0.898656,16514,0.702709,cammeo
14715,497.557007,212.035324,89.50563,0.906537,15094,0.79489,cammeo
11271,404.463989,158.988831,91.340584,0.818498,11462,0.670095,osmancik
12985,466.13501,196.666153,84.693092,0.902522,13221,0.588889,cammeo
12437,434.671997,174.966187,91.873505,0.851045,12670,0.728631,osmancik
14252,493.114014,202.654602,91.309654,0.892742,14627,0.563766,cammeo
13923,462.700012,189.525711,94.525215,0.866748,14186,0.729947,osmancik
12031,446.98999,178.589645,88.841492,0.867486,12425,0.580451,osmancik
15265,505.098999,211.443008,93.122139,0.897796,15639,0.741307,cammeo
10577,402.170013,162.591019,83.963364,0.856342,10771,0.760716,osmancik
12308,436.640015,174.938446,90.616173,0.855387,12544,0.686524,osmancik
15705,498.963989,208.541168,96.637238,0.886151,16009,0.773645,cammeo
11539,423.69101,172.535919,86.059959,0.86672,11767,0.641697,osmancik
11928,439.919006,181.034836,85.224915,0.882258,12218,0.590612,osmancik
13545,482.735992,208.803268,83.305153,0.916966,13759,0.532555,cammeo
10190,397.786011,161.477432,81.715324,0.862505,10476,0.786265,osmancik
15857,515.322021,219.965485,93.154266,0.905898,16109,0.699162,cammeo
12712,456.066986,186.160538,88.900307,0.878606,13092,0.644886,osmancik
11769,426.309998,176.114594,85.902138,0.872976,11928,0.791193,osmancik
11769,427.769989,171.657776,88.383926,0.85726,12007,0.628552,osmancik
16199,514.156006,217.630508,95.519356,0.898533,16475,0.707689,cammeo
14363,499.17099,210.245544,88.111778,0.907945,14669,0.606853,cammeo
15713,518.452026,218.767258,92.429176,0.906363,16038,0.583519,cammeo
11621,402.210999,153.584991,96.637733,0.777233,11797,0.810108,osmancik
13451,485.55899,205.949661,84.316055,0.912354,13862,0.599955,cammeo
12732,465.490997,192.453674,85.182632,0.896712,13105,0.56997,cammeo
13935,483.243988,196.786102,91.71785,0.884743,14428,0.593231,cammeo
15004,506.944,218.603622,88.09037,0.915214,15277,0.714885,cammeo
13569,490.541992,209.849487,83.406357,0.91762,14061,0.530039,cammeo
12992,458.894012,183.420822,92.051437,0.864949,13372,0.77592,osmancik
11792,427.78299,180.87175,83.270782,0.887719,11923,0.718324,osmancik
12347,475.390015,207.096924,77.080444,0.928155,12857,0.520948,cammeo
14359,506.088989,223.260849,82.481407,0.929255,14698,0.537871,cammeo
11898,422.368011,166.235718,91.879532,0.833376,12063,0.662767,osmancik
14294,484.194,205.128403,89.001312,0.90097,14542,0.70445,cammeo
11343,416.468994,171.678604,84.901726,0.869156,11492,0.734745,osmancik
14771,471.910004,193.905426,98.034172,0.862781,14976,0.614818,osmancik
12822,459.681,190.302597,87.411339,0.888267,13167,0.655924,osmancik
12397,433.35199,171.609299,92.988098,0.840469,12631,0.634767,osmancik
14750,484.152008,201.247009,94.859154,0.881943,14967,0.780671,cammeo
11891,430.300995,175.016739,87.990288,0.86443,12170,0.61039,osmancik
13852,490.278992,213.985687,82.966484,0.921777,14158,0.728324,cammeo
10982,421.410004,177.800262,78.937393,0.896043,11167,0.594071,osmancik
10480,414.80899,177.856125,75.263107,0.906051,10657,0.630338,osmancik
11438,433.917999,178.351562,83.547653,0.883493,11767,0.743017,osmancik
14053,482.084015,204.378632,88.239105,0.901996,14316,0.71335,cammeo
11810,444.35199,187.807388,80.46891,0.903558,11977,0.573078,osmancik
11778,432.256989,173.486206,87.758652,0.862619,12104,0.664973,osmancik
10775,414.997986,165.728958,84.271233,0.861069,11036,0.634458,osmancik
13893,474.134003,200.735916,89.169968,0.89592,14123,0.569339,cammeo
13340,474.682007,201.38533,85.888588,0.904493,13603,0.701662,osmancik
15513,522.504028,224.275833,89.014664,0.917863,15967,0.566168,cammeo
11525,432.299011,177.116104,83.659164,0.881416,11794,0.644972,osmancik
12466,439.183014,177.419312,90.017212,0.861728,12707,0.609883,osmancik
13764,479.479004,199.295685,89.993706,0.892241,14167,0.777144,cammeo
11185,414.181,170.01825,84.110611,0.869055,11370,0.62208,osmancik
13167,466.664001,197.125061,86.216408,0.899282,13448,0.580991,cammeo
16990,535.338989,224.087173,98.662636,0.897857,17371,0.600905,cammeo
10474,403.459991,167.884399,80.188591,0.878555,10611,0.788705,osmancik
14842,505.726013,214.954742,88.660927,0.910974,15313,0.544501,cammeo
11433,421.463989,168.752701,87.526901,0.854975,11678,0.729378,osmancik
15557,509.022003,211.933548,94.758598,0.894477,16075,0.643117,cammeo
13919,472.227997,194.686401,91.625755,0.882329,14169,0.701386,cammeo
11794,430.380005,178.445847,84.785942,0.879913,12056,0.752937,cammeo
13677,467.247986,191.011795,91.820992,0.87688,13901,0.655029,osmancik
13414,479.901001,203.085968,85.736877,0.906516,13735,0.714042,cammeo
10440,405.61499,165.246841,82.028893,0.868093,10716,0.598418,osmancik
14566,498.026001,208.225433,90.540543,0.900518,14927,0.560835,cammeo
14287,486.402008,200.142578,91.994194,0.888104,14654,0.711327,cammeo
11299,420.738007,170.820816,84.865746,0.867858,11488,0.642573,osmancik
11739,434.628998,179.147827,84.45871,0.881894,12032,0.775876,osmancik
13032,459.631012,186.473495,90.254822,0.875063,13247,0.800491,osmancik
12942,441.743988,175.55925,95.285011,0.839893,13310,0.701692,osmancik
11827,455.221008,194.784454,78.431534,0.91535,12212,0.769987,cammeo
15710,517.070007,214.750214,95.24736,0.896261,16259,0.607596,cammeo
15790,516.47998,218.425903,92.935936,0.904968,16197,0.750154,cammeo
13118,480.085999,207.109039,81.705711,0.918893,13652,0.568765,cammeo
12861,455.865997,191.822754,86.298286,0.893086,13058,0.586724,cammeo
10846,418.85199,172.206772,81.692902,0.880316,11069,0.682739,osmancik
14329,486.277008,206.572296,89.212402,0.901936,14588,0.812762,cammeo
10821,418.002014,176.558228,79.087715,0.894063,10986,0.590408,osmancik
14674,497.102997,208.436462,91.08699,0.899461,15049,0.682289,cammeo
12397,435.949005,174.231689,91.896477,0.849593,12761,0.643065,osmancik
12289,451.575989,189.725372,83.077827,0.899031,12649,0.688228,osmancik
15149,509.136993,214.007462,91.28373,0.904467,15516,0.707104,cammeo
14435,491.903992,207.462631,89.705627,0.901685,14842,0.577978,cammeo
12345,440.196014,180.389374,88.15686,0.87245,12591,0.733686,osmancik
14793,501.303986,211.601135,90.112534,0.904789,15049,0.664525,cammeo
10327,403.395996,166.081131,79.9589,0.876476,10576,0.62331,osmancik
12146,442.247009,176.506165,89.751587,0.861068,12502,0.775409,osmancik
14947,506.651001,214.344315,89.526901,0.908595,15364,0.562997,cammeo
12579,445.888,185.280304,86.88208,0.883239,12794,0.65298,osmancik
11422,419.907013,168.031891,88.290703,0.850831,11687,0.618074,osmancik
15460,507.076996,213.572327,93.556099,0.898949,15819,0.58221,cammeo
12526,439.221985,178.216034,90.404449,0.861785,12819,0.668945,osmancik
15306,524.684998,227.78186,87.042526,0.924108,15837,0.512506,cammeo
11993,444.565002,187.182907,82.640572,0.897263,12276,0.587374,cammeo
13424,461.468994,186.506744,92.671753,0.867818,13702,0.675523,cammeo
16259,522.622009,215.509186,97.421455,0.891991,16728,0.584352,cammeo
13970,481.884003,201.47258,89.497215,0.89592,14310,0.567886,cammeo
14173,480.683014,201.93576,90.24498,0.894584,14519,0.597563,cammeo
15484,504.819,211.288055,94.471809,0.894472,15795,0.679123,cammeo
12312,447.71701,178.960739,88.517525,0.869109,12593,0.618321,osmancik
11634,427.105011,171.32634,88.266495,0.857073,11967,0.709693,osmancik
11721,442.350006,186.252335,81.259224,0.899808,11950,0.577788,osmancik
8604,373.683014,153.579605,72.309647,0.882225,8787,0.602563,osmancik
11465,434.13501,180.835083,82.004265,0.891269,11727,0.650607,osmancik
12771,449.26001,190.357391,85.925461,0.892327,12939,0.77607,osmancik
11081,414.07901,169.008835,84.326279,0.866633,11289,0.78992,osmancik
11310,424.217987,173.269379,84.484596,0.873072,11629,0.711187,osmancik
10965,433.778015,179.33522,78.858955,0.89813,11295,0.663339,osmancik
11303,426.51001,171.101318,85.57962,0.865928,11623,0.64848,osmancik
16454,518.109009,217.098526,97.780693,0.892828,16893,0.79719,cammeo
9679,399.847992,168.539215,74.098801,0.898168,9917,0.625097,osmancik
13568,478.311005,204.069122,85.509125,0.907977,13819,0.568317,cammeo
14421,507.804993,213.885681,86.876244,0.913793,14881,0.650943,cammeo
9322,385.415985,157.351456,76.352341,0.874384,9566,0.636531,osmancik
9544,386.562988,161.748306,75.560257,0.88418,9664,0.811151,osmancik
11319,414.014008,164.780807,88.509331,0.843497,11563,0.746685,osmancik
12448,443.968994,187.102936,85.649529,0.889072,12621,0.625842,osmancik
14235,505.845001,214.156601,87.479843,0.912765,14687,0.68257,cammeo
13507,468.239014,197.509247,87.929596,0.895435,13735,0.577222,cammeo
12549,456.934998,193.39151,83.701355,0.901486,12905,0.797066,cammeo
14945,493.108002,202.046982,95.079414,0.882357,15357,0.739998,cammeo
11307,427.609985,176.074677,82.247398,0.884196,11492,0.65662,osmancik
13949,479.402008,200.095139,90.094688,0.892898,14286,0.581548,cammeo
13760,474.187988,198.391556,89.046051,0.893612,13989,0.633751,cammeo
12915,456.144989,181.748444,92.096565,0.862107,13284,0.605997,osmancik
14313,482.975006,204.720078,89.786987,0.89869,14622,0.5733,cammeo
12344,442.701996,179.735779,88.929924,0.869017,12609,0.71897,osmancik
13964,480.026001,199.823135,90.065468,0.892662,14298,0.657748,cammeo
10221,405.299988,168.633743,78.04261,0.886466,10368,0.602724,osmancik
13650,491.023987,210.674973,83.690994,0.91771,14011,0.538589,cammeo
11017,416.932007,168.368683,84.200066,0.865971,11303,0.736825,osmancik
13279,474.235992,200.544708,85.008141,0.905715,13757,0.728495,cammeo
11264,429.542999,177.693726,81.9813,0.887212,11513,0.79548,osmancik
13860,484.772003,200.776627,88.840828,0.896775,14238,0.660881,cammeo
11891,446.407013,189.055466,81.913544,0.90126,12125,0.551915,osmancik
12422,444.084991,183.134384,86.952164,0.880094,12658,0.623407,osmancik
16582,532.357971,223.358841,95.749718,0.903456,17089,0.71431,cammeo
15613,509.760986,210.278076,96.02433,0.889644,15975,0.572597,cammeo
14878,506.020996,212.18158,90.438652,0.904614,15237,0.575774,cammeo
12279,455.415009,191.653336,82.4757,0.902668,12549,0.592044,osmancik
11732,428.183014,172.962967,86.9869,0.864332,11900,0.631092,osmancik
10843,412.367004,168.274506,83.942734,0.866692,11082,0.787436,osmancik
15498,512.703979,215.80835,92.624031,0.903211,15914,0.578888,cammeo
11232,427.429993,180.437195,80.565605,0.894783,11424,0.598785,osmancik
11565,428.485992,180.718338,81.828323,0.891615,11737,0.764072,osmancik
13524,472.734985,192.085785,91.377769,0.8796,13947,0.596296,osmancik
13328,462.256012,187.22998,91.637375,0.872038,13606,0.609838,osmancik
10828,415.851013,167.356277,83.590385,0.866328,11225,0.653707,osmancik
12763,454.902008,185.225372,89.6847,0.874962,13081,0.622707,osmancik
12237,432.390015,169.646805,93.41069,0.834757,12577,0.704572,osmancik
12437,462.72699,193.920914,83.321648,0.902987,12841,0.575947,osmancik
13313,470.907013,198.214935,86.272125,0.900312,13560,0.57697,cammeo
11542,426.403992,175.276077,84.456894,0.876253,11738,0.627283,osmancik
11201,423.281006,175.040161,83.436836,0.879081,11386,0.592646,osmancik
15269,496.688995,210.451813,92.709198,0.897741,15474,0.806688,cammeo
10604,409.510986,172.302704,78.918831,0.88894,10755,0.58618,osmancik
12659,453.768005,188.040298,86.707497,0.887342,12887,0.66434,osmancik
14176,513.148987,220.036987,83.43087,0.925328,14675,0.543788,cammeo
10574,398.681,157.808395,86.859589,0.834893,10829,0.693559,osmancik
12647,451.056,180.344345,91.428085,0.861967,13120,0.658595,osmancik
13654,477.929993,199.377151,87.677834,0.898116,13914,0.575754,cammeo
11212,413.56601,169.678101,84.63475,0.866719,11400,0.808888,osmancik
14300,504.377014,212.598373,87.490303,0.911397,14772,0.540438,cammeo
14339,492.308014,205.773163,90.85659,0.897243,14818,0.627472,cammeo
10296,415.751007,172.33287,77.060745,0.894453,10514,0.610894,osmancik
14332,497.140991,206.546814,90.759445,0.898285,14830,0.566572,cammeo
11470,427.197998,174.039093,85.105415,0.872283,11767,0.639781,osmancik
14232,505.88501,214.102875,86.414108,0.914931,14702,0.52602,cammeo
14892,486.334991,203.069183,94.124962,0.886091,15111,0.792128,cammeo
11080,424.769012,175.181686,81.335503,0.885682,11337,0.582912,osmancik
15806,513.844971,221.192383,91.629509,0.910162,16043,0.574868,cammeo
13806,494.032013,212.386887,83.930672,0.918604,14247,0.533627,cammeo
12518,473.384003,203.922058,80.007668,0.919818,12778,0.680326,cammeo
13946,482.140015,203.257324,88.27829,0.90076,14233,0.571511,cammeo
14524,480.212006,199.933014,93.312103,0.884407,14808,0.611279,cammeo
11577,418.76001,168.288635,89.304253,0.847584,11746,0.806086,osmancik
11241,417.158997,169.247787,85.458786,0.863159,11390,0.628691,osmancik
11708,423.94101,173.932007,85.926109,0.86945,11918,0.61132,osmancik
14572,497.550995,211.08046,88.709679,0.907402,14926,0.626591,cammeo
15809,518.455017,221.070679,92.2323,0.908811,16079,0.814813,cammeo
10968,406.794006,161.510132,87.896927,0.838943,11184,0.693738,osmancik
13820,489.941986,207.004105,86.237106,0.909092,14195,0.6394,cammeo
13394,480.571991,205.401169,83.801277,0.912987,13699,0.650194,cammeo
15035,506.152008,216.935303,89.389236,0.911159,15432,0.609297,cammeo
10925,415.174988,170.687592,82.243965,0.87626,11155,0.606338,osmancik
16963,536.03302,220.327576,99.409775,0.892428,17467,0.592077,cammeo
12502,431.312988,172.898132,92.565331,0.844615,12679,0.808145,osmancik
13314,474.087006,203.948013,83.662842,0.911988,13627,0.747138,cammeo
14385,496.977997,214.269547,86.033241,0.915851,14604,0.776267,cammeo
14209,496.272003,208.822906,87.758034,0.907408,14667,0.565735,cammeo
12459,434.287994,175.201248,91.2687,0.853596,12651,0.636833,osmancik
13607,461.050995,190.514343,91.712799,0.876503,13772,0.609141,osmancik
10727,406.453003,168.963715,81.323868,0.876551,10868,0.797784,osmancik
14825,499.940002,210.27121,91.823906,0.899611,15274,0.774718,cammeo
12574,444.631012,174.560257,93.242401,0.845386,12964,0.654725,osmancik
11686,441.18399,180.696091,83.453041,0.886962,12023,0.577086,osmancik
14478,469.161011,190.847717,97.343185,0.860141,14686,0.765424,cammeo
11776,430.333008,173.569305,87.466331,0.863746,12011,0.616674,osmancik
10445,405.596008,167.458832,80.504143,0.876863,10680,0.633875,osmancik
15074,497.178009,205.639816,94.6222,0.887849,15536,0.721106,cammeo
13325,468.350006,188.90274,90.831711,0.876809,13643,0.612644,osmancik
15375,494.31601,204.470734,96.981606,0.88036,15631,0.739183,cammeo
11490,424.562012,172.406464,85.888199,0.867078,11733,0.614274,osmancik
14569,500.368988,216.669662,86.457542,0.916938,14801,0.8067,cammeo
16030,512.853027,210.247482,97.631287,0.885645,16306,0.5978,cammeo
11090,416.014008,174.909439,81.365463,0.885213,11277,0.741707,osmancik
12968,469.341003,199.905029,83.035225,0.909651,13243,0.64125,cammeo
13429,491.377014,208.908783,83.842117,0.915932,13837,0.533066,cammeo
11715,429.165985,171.09964,89.107292,0.853684,12066,0.649534,osmancik
11540,427.319,174.082809,85.41787,0.871343,11829,0.745189,osmancik
13053,480.950989,205.952423,81.655594,0.918044,13478,0.683582,cammeo
11291,432.645996,177.012726,82.567192,0.884549,11586,0.652659,osmancik
14587,497.946991,211.687286,88.913208,0.907514,14926,0.648686,cammeo
12743,435.817993,176.110992,92.477112,0.851036,12897,0.632093,osmancik
13919,482.348999,204.29425,87.654053,0.903277,14274,0.748978,cammeo
11467,448.683014,192.087234,77.169724,0.915752,11739,0.569789,osmancik
9359,395.988007,168.293945,71.107414,0.906354,9555,0.57516,osmancik
11358,421.821991,171.416077,85.978157,0.865114,11637,0.643331,osmancik
12060,451.593994,187.830688,82.861176,0.897434,12367,0.597503,osmancik
14399,492.338989,210.139908,88.102364,0.907868,14636,0.549182,cammeo
10819,409.149994,164.464386,84.923325,0.85637,10988,0.718107,osmancik
11145,421.243011,170.030701,84.577492,0.867507,11376,0.63613,osmancik
12193,436.285004,182.627289,85.255608,0.884348,12336,0.683081,osmancik
9520,394.890991,161.315201,76.16378,0.881522,9852,0.778032,osmancik
10462,415.773987,169.772064,80.691597,0.879827,10789,0.745847,osmancik
13853,479.722992,193.401886,92.85981,0.877192,14338,0.58637,cammeo
12798,469.298004,202.165405,81.580681,0.914964,13152,0.780366,cammeo
11906,433.855988,174.299789,88.252609,0.862342,12179,0.620848,osmancik
11944,442.789001,182.637039,84.100487,0.887671,12128,0.584545,osmancik
12495,458.407013,187.604202,87.025696,0.885898,12993,0.674931,cammeo
13033,466.139008,198.207108,84.516663,0.904532,13234,0.769272,osmancik
12483,428.147003,170.296127,94.280945,0.832763,12680,0.737374,osmancik
14680,502.903992,217.195007,87.002785,0.916264,15000,0.580857,cammeo
11432,428.536987,172.693008,85.302673,0.869487,11696,0.622862,osmancik
10523,429.057007,173.884262,78.856789,0.891255,11003,0.586566,osmancik
11690,432.519012,183.026627,82.307724,0.893178,11846,0.578914,osmancik
12618,457.89801,193.81572,83.477356,0.902493,12851,0.582226,cammeo
16254,532.778015,223.54863,94.119499,0.907049,16680,0.553686,cammeo
12950,464.886993,194.428391,85.821983,0.897307,13288,0.600204,cammeo
11850,434.622009,180.00145,84.988449,0.881516,12073,0.792112,osmancik
13335,469.713989,199.297226,85.912384,0.902315,13657,0.61679,cammeo
14626,502.356995,212.734695,88.583389,0.90918,14997,0.581504,cammeo
11815,456.602997,200.110703,75.792816,0.925497,12108,0.73376,cammeo
14881,495.618011,206.667831,93.324173,0.892238,15225,0.583981,cammeo
12583,434.002991,171.657074,94.465225,0.834958,12897,0.743281,osmancik
12752,459.447998,196.430054,83.109268,0.906084,13059,0.790675,cammeo
12881,457.783997,192.627167,86.601349,0.89324,13109,0.572031,osmancik
12675,466.101013,195.808228,83.403954,0.904748,12977,0.580251,osmancik
13140,467.016998,192.615753,89.472557,0.885566,13570,0.638919,osmancik
11144,427.121002,182.216415,78.318336,0.90292,11332,0.684353,osmancik
16405,526.570007,221.612518,95.436707,0.902521,16837,0.658888,cammeo
13012,466.118988,196.227112,85.119743,0.901018,13242,0.581932,osmancik
14695,506.915985,214.10553,88.913704,0.909694,15086,0.546608,cammeo
12287,444.174988,181.921051,87.739182,0.87601,12508,0.653738,osmancik
15581,517.33197,221.959381,90.30761,0.913488,15901,0.55409,cammeo
9405,389.774994,162.368225,74.43763,0.88872,9594,0.607637,osmancik
15475,511.796997,220.476929,90.20723,0.912469,15734,0.827319,cammeo
16934,533.085999,225.302673,96.450104,0.903736,17323,0.752622,cammeo
13029,466.886993,197.726242,84.603928,0.903834,13300,0.610058,cammeo
10694,405.677002,163.367477,84.68367,0.855161,10891,0.75014,osmancik
10831,425.601013,182.235458,76.19516,0.908395,11017,0.588641,osmancik
11149,416.890991,167.29213,86.699615,0.855227,11323,0.690897,osmancik
11746,450.82901,194.190918,77.743896,0.916363,11953,0.555209,cammeo
15398,518.744995,215.329071,93.062889,0.901783,15753,0.798155,cammeo
12646,473.855988,204.032516,79.897743,0.920138,12949,0.67604,osmancik
16000,515.380981,215.714325,94.954803,0.897906,16289,0.673656,cammeo
15609,492.662994,202.230164,99.012047,0.871947,15884,0.681021,cammeo
13819,478.498993,195.726151,91.83905,0.88308,14321,0.588268,osmancik
13582,475.855988,195.639694,89.248962,0.889882,13890,0.721832,cammeo
11136,419.520996,172.737335,82.878937,0.877379,11373,0.706151,osmancik
13620,479.877014,203.39711,86.375732,0.90535,13987,0.635765,cammeo
11601,447.127991,191.382568,78.366707,0.912321,11925,0.578661,osmancik
13503,477.243988,201.171707,87.362419,0.900784,13743,0.563188,cammeo
10841,413.459991,170.964798,81.674904,0.878507,11070,0.654492,osmancik
12415,438.996002,181.108887,88.233978,0.873297,12586,0.601619,osmancik
12330,433.069,173.934555,91.462051,0.850582,12550,0.68424,osmancik
11919,435.261993,171.845184,89.981606,0.851952,12168,0.611231,osmancik
15241,511.061005,215.369171,91.274345,0.905754,15604,0.543235,cammeo
11415,438.929993,184.567108,80.099419,0.90092,11745,0.79106,osmancik
15252,502.591003,211.631165,92.196159,0.900118,15495,0.574463,cammeo
14634,501.122009,214.106781,87.768288,0.912118,14954,0.693259,cammeo
13166,461.938995,185.600296,91.293594,0.870661,13562,0.656331,cammeo
15350,498.178986,204.621201,96.893402,0.88078,15751,0.663698,cammeo
14586,484.053009,196.403397,95.856216,0.872811,14976,0.771542,cammeo
12848,455.644989,184.636047,90.010979,0.87312,13227,0.690159,osmancik
12539,442.296997,178.601059,90.334579,0.862657,12790,0.734478,osmancik
17198,520.992004,209.970215,105.670586,0.864132,17586,0.606161,cammeo
11030,417.488007,172.448441,82.730743,0.87741,11275,0.651429,osmancik
11797,451.959991,195.593658,77.401207,0.918369,11988,0.570151,cammeo
13731,489.058014,212.435455,82.914673,0.920686,14014,0.591726,cammeo
11741,445.980011,184.41626,82.475281,0.894422,12215,0.570394,osmancik
12434,454.893005,193.157959,82.858597,0.90332,12652,0.703679,cammeo
14561,493.529999,208.692963,89.705292,0.902903,14986,0.772057,cammeo
10632,405.415985,167.325943,81.344284,0.873879,10762,0.623176,osmancik
10645,417.802002,172.544586,79.692154,0.886951,10838,0.614217,osmancik
10600,429.510986,182.306061,75.099991,0.911209,10829,0.722169,osmancik
12720,461.806,197.944,82.811279,0.908283,12974,0.756782,cammeo
12032,437.303009,176.751556,87.456184,0.869008,12264,0.641433,osmancik
12448,438.915009,174.41333,92.276718,0.848579,12750,0.681709,osmancik
11983,430.631012,175.67865,87.904831,0.86581,12248,0.622267,osmancik
12664,442.851013,178.654053,91.119156,0.860156,12895,0.679108,osmancik
12899,468.389008,201.048279,82.387405,0.91218,13132,0.7005,cammeo
14400,486.899994,200.137711,93.246513,0.884831,14714,0.618132,cammeo
12734,462.233002,188.156372,87.742844,0.884611,13069,0.585202,osmancik
13637,482.510986,205.198944,85.424225,0.909228,13952,0.556612,cammeo
11034,414.501007,169.080154,84.231659,0.867076,11256,0.76817,osmancik
14054,486.765015,207.582504,87.13073,0.907644,14343,0.789462,cammeo
13858,475.957001,205.873901,86.044586,0.908471,14042,0.651222,cammeo
11332,427.324005,175.540558,83.608452,0.879287,11563,0.595418,osmancik
11739,448.605011,187.68576,80.849747,0.902461,12118,0.547018,cammeo
11739,430.492004,170.797363,89.442101,0.851919,11963,0.582581,osmancik
11381,434.317993,174.863693,85.03392,0.873799,11692,0.601851,osmancik
14019,482.45401,197.198196,92.670044,0.882702,14411,0.576155,cammeo
17082,548.445984,230.188721,95.757584,0.909366,17576,0.592467,cammeo
12840,470.096008,199.26149,82.793526,0.909592,13072,0.557873,osmancik
10007,391.459015,163.928619,78.137253,0.879091,10146,0.801714,osmancik
10973,419.942993,171.833435,82.904556,0.875912,11239,0.704753,osmancik
12466,453.446991,185.616119,86.58857,0.884525,12706,0.60199,osmancik
14836,495.105011,208.595276,91.389999,0.898916,15164,0.600551,cammeo
15636,513.22699,214.38356,93.97776,0.898798,15913,0.566276,cammeo
10491,411.994995,174.705811,77.036255,0.897532,10658,0.767615,osmancik
12975,458.546997,189.818344,87.655029,0.886993,13254,0.709016,cammeo
10781,414.954987,169.736176,82.241043,0.874779,11069,0.699338,osmancik
13858,482.579987,205.020157,86.964676,0.90558,14154,0.555921,cammeo
14398,487.723999,210.09169,87.597198,0.908931,14654,0.785317,cammeo
14980,503.816986,214.186508,89.894577,0.907662,15361,0.735395,cammeo
13130,467.921997,196.146805,86.207115,0.898241,13462,0.574818,cammeo
16788,533.487976,230.129333,93.762878,0.913234,17041,0.572676,cammeo
11443,421.671997,173.632202,84.632347,0.873166,11644,0.633786,osmancik
12181,434.812988,179.225311,86.985405,0.874325,12387,0.728006,osmancik
11480,422.549011,171.271057,86.83596,0.861941,11781,0.648221,osmancik
12244,455.274994,192.507385,81.428619,0.906135,12480,0.575241,cammeo
17564,527.116028,221.602936,101.658798,0.888569,17808,0.771163,cammeo
12103,439.217987,181.985123,85.554901,0.882602,12339,0.599277,osmancik
14189,483.937012,203.377594,90.07769,0.896567,14538,0.713123,cammeo
16608,516.09198,207.671371,103.350876,0.867369,17111,0.696761,cammeo
9822,398.334991,160.62323,79.28846,0.869672,10085,0.631518,osmancik
13215,479.609985,207.888,81.676064,0.919588,13462,0.536672,cammeo
14002,490.570007,209.334274,86.146309,0.911398,14336,0.656908,cammeo
13887,483.167999,203.420853,88.117912,0.901307,14240,0.684392,cammeo
14212,485.985992,203.418488,90.011887,0.89677,14508,0.573203,cammeo
12678,452.925995,190.838593,85.650902,0.893626,12930,0.639528,osmancik
11955,454.085999,196.835526,78.124794,0.91786,12127,0.558123,osmancik
11489,447.237,182.102127,82.121376,0.892542,11913,0.559457,osmancik
12898,454.766998,184.373978,90.954033,0.869852,13223,0.757814,osmancik
11910,427.278992,173.295441,88.562263,0.859552,12191,0.773377,osmancik
13549,464.005005,189.972656,91.637215,0.875967,13772,0.739332,osmancik
11125,420.209015,173.171936,82.778183,0.878354,11408,0.642136,osmancik
13079,436.045013,174.892319,95.941948,0.8361,13228,0.77258,osmancik
12837,448.274994,180.265244,92.162514,0.859426,13157,0.767763,osmancik
16006,528.176025,222.671906,93.09613,0.908407,16466,0.61185,cammeo
11287,421.993011,176.182602,82.728737,0.882899,11469,0.81642,osmancik
12404,454.384003,186.075974,85.987816,0.886822,12659,0.572986,osmancik
15028,498.82901,205.538452,94.584167,0.887827,15382,0.577778,cammeo
12921,449.487,181.034683,92.020065,0.86118,13209,0.623871,osmancik
11077,427.664001,181.116867,78.349785,0.90159,11275,0.555238,osmancik
14015,475.723999,195.32164,92.484795,0.880794,14492,0.748625,cammeo
14549,488.953003,206.694824,90.760689,0.898436,14856,0.582473,cammeo
12053,449.604004,189.500992,82.266113,0.900855,12295,0.564464,osmancik
11337,433.977997,184.348114,78.867699,0.903864,11506,0.656608,osmancik
12974,460.416992,191.325775,87.285706,0.88987,13310,0.677211,cammeo
12563,444.868988,183.223755,88.049477,0.876963,12767,0.766972,osmancik
11759,426.138,173.689072,87.182022,0.864901,11941,0.693664,osmancik
14753,494.85199,212.103012,89.365295,0.906908,15051,0.816888,cammeo
11343,420.723999,173.506653,83.827705,0.875544,11512,0.609839,osmancik
15595,501.493988,207.890945,96.885162,0.884764,16030,0.768416,cammeo
10941,423.40799,172.851089,81.424789,0.882096,11248,0.629517,osmancik
18913,541.745972,227.135483,106.948357,0.882209,19099,0.804124,cammeo
14517,495.61499,211.802826,88.032501,0.909532,14815,0.687521,cammeo
14897,491.184998,205.719849,92.875694,0.892288,15137,0.594453,cammeo
15936,522.767029,224.617508,91.123741,0.914013,16298,0.609081,cammeo
14126,498.424988,216.885483,83.810387,0.92232,14410,0.760771,cammeo
12326,441.584991,179.066376,89.27005,0.866872,12673,0.765162,osmancik
14935,489.234009,202.406647,94.645737,0.883939,15251,0.609045,cammeo
14434,477.618988,200.389877,92.381554,0.887395,14660,0.783435,cammeo
16063,520.744995,217.913818,95.20047,0.899524,16561,0.556757,cammeo
12204,436.855011,169.293228,93.185814,0.834875,12505,0.747794,osmancik
12908,462.209991,185.850937,89.3881,0.876739,13199,0.727703,osmancik
14145,486.608002,209.35321,86.789474,0.910022,14370,0.766667,cammeo
12301,440.006989,175.416672,90.577995,0.856372,12591,0.669624,osmancik
15488,507.882996,206.639526,96.872078,0.883306,15968,0.602552,cammeo
12237,438.156006,178.058929,88.287361,0.868418,12489,0.630838,osmancik
15967,511.61499,211.690781,96.975227,0.888901,16329,0.586677,cammeo
11128,423.237,173.39534,82.441345,0.879741,11372,0.599149,osmancik
11363,419.454987,170.06575,86.505669,0.860967,11699,0.694305,osmancik
10516,423.399994,175.92067,77.738052,0.897068,10787,0.63687,osmancik
13746,483.820007,205.842194,86.18869,0.908119,14060,0.715937,cammeo
9854,397.066986,169.153229,74.632233,0.897403,9992,0.72392,osmancik
15879,517.927002,216.650131,94.656204,0.899506,16484,0.68776,cammeo
11285,425.755005,175.424393,82.951385,0.881137,11525,0.750283,osmancik
13582,476.665985,199.451889,88.408699,0.896394,13825,0.568999,cammeo
12752,453.494995,185.510849,89.191704,0.876836,13105,0.683167,osmancik
13080,474.26001,198.957367,84.750061,0.904737,13511,0.702772,cammeo
10623,423.02301,175.034271,78.420906,0.894018,10897,0.587295,osmancik
11960,436.371002,183.816818,83.234207,0.891607,12142,0.589569,osmancik
10874,426.872986,177.250336,79.624947,0.89342,11211,0.639647,osmancik
14031,494.265015,213.709518,84.466095,0.918579,14265,0.738863,cammeo
11632,442.444,187.01152,80.889763,0.901615,11860,0.794536,osmancik
13965,478.576996,203.276352,88.107506,0.901184,14135,0.807879,cammeo
14434,488.286987,201.649246,92.533714,0.888496,14826,0.707757,cammeo
10803,411.309998,165.223129,84.782204,0.858306,11098,0.643074,osmancik
13557,483.908997,206.20372,84.387306,0.912426,13845,0.55258,cammeo
12473,440.925995,180.645676,88.560081,0.871586,12673,0.629854,osmancik
14020,488.582001,207.265182,86.797798,0.908089,14271,0.553909,cammeo
12406,441.877991,177.862686,90.567253,0.86065,12864,0.623856,osmancik
9858,388.666992,155.124481,81.841782,0.849501,10101,0.656543,osmancik
13980,479.179993,206.329041,87.03672,0.906673,14137,0.86105,cammeo
15238,506.11499,218.360397,89.61969,0.911896,15529,0.547224,cammeo
14840,512.007996,220.514313,86.415024,0.920017,15160,0.564173,cammeo
11523,441.403015,183.050598,81.272461,0.896032,11815,0.782812,osmancik
12473,470.339996,202.442825,79.0243,0.920665,12806,0.525976,cammeo
10817,403.997986,167.423355,82.721268,0.869414,10953,0.785092,osmancik
11972,433.09201,177.81424,86.388176,0.874051,12249,0.714405,osmancik
8628,372.334015,157.333038,70.125023,0.895177,8782,0.60264,osmancik
11044,420.218994,165.992218,87.131516,0.851156,11328,0.612943,osmancik
14587,491.803986,204.834625,91.913193,0.893673,14926,0.609824,cammeo
14805,484.631989,202.98024,93.696472,0.887086,15090,0.784205,cammeo
9593,396.049988,162.590729,75.999176,0.884032,9828,0.744798,osmancik
12956,458.656006,187.211456,89.158691,0.879312,13310,0.710775,osmancik
9945,396.708008,166.423523,76.664719,0.887576,10085,0.601998,osmancik
9732,395.623993,166.251053,75.572777,0.890711,9887,0.586548,osmancik
14498,496.549988,200.710266,93.576538,0.884665,15053,0.653063,osmancik
12391,437.618988,175.367233,90.819427,0.855452,12600,0.634785,osmancik
10536,412.506989,162.720291,84.624352,0.85413,10974,0.685938,osmancik
11765,429.334991,174.33136,86.89267,0.866928,11963,0.614681,osmancik
13468,470.763,194.473495,89.741066,0.887163,14022,0.691837,cammeo
11720,425.450012,171.588013,88.360382,0.857216,11912,0.779204,osmancik
16431,509.38501,208.052872,101.961487,0.87168,16875,0.732219,cammeo
13028,467.277008,194.733368,87.140625,0.894291,13304,0.566213,osmancik
13751,451.94101,175.411179,101.144272,0.817018,14063,0.757005,osmancik
14634,493.027008,208.136154,90.379433,0.900801,14898,0.71025,cammeo
11462,424.557007,175.419998,84.140518,0.877459,11650,0.798245,osmancik
13039,480.110992,205.857574,81.436211,0.918425,13288,0.576309,osmancik
13391,486.122009,213.112076,80.994438,0.924964,13661,0.520241,cammeo
11111,419.929993,175.137146,81.118385,0.886269,11278,0.588319,osmancik
11905,443.769012,185.270233,83.605736,0.892391,12209,0.627206,osmancik
14018,480.868011,203.978378,88.127113,0.901854,14287,0.722428,cammeo
15815,504.223999,214.654694,94.987984,0.896761,16059,0.80978,cammeo
11454,419.312988,174.176315,84.37674,0.874828,11604,0.822136,osmancik
15080,512.945984,211.926117,92.140793,0.900538,15533,0.566768,cammeo
13253,473.441986,198.610657,85.918869,0.901586,13535,0.689973,cammeo
15166,502.165009,214.139862,91.385109,0.904368,15475,0.794864,cammeo
16156,495.713989,197.274307,105.537979,0.844864,16434,0.709405,cammeo
8850,381.43399,159.251205,71.760948,0.892718,9063,0.572519,osmancik
12726,434.772003,175.73175,93.30851,0.84739,12896,0.808,osmancik
13399,490.559998,209.365952,82.767021,0.918543,13654,0.517096,cammeo
13680,473.085999,194.940384,91.225052,0.883748,14077,0.779487,cammeo
14013,480.830994,191.845078,94.875687,0.869153,14622,0.625916,cammeo
15676,509.223999,212.907745,94.761665,0.895489,16009,0.574633,cammeo
11001,415.039001,173.104156,82.0634,0.880487,11132,0.789621,osmancik
12682,459.964996,195.435501,83.604324,0.903881,12892,0.582812,cammeo
14960,482.140015,199.543976,96.218201,0.876066,15149,0.611861,osmancik
13218,458.763,183.630661,93.50396,0.860651,13547,0.776616,osmancik
13635,455.54599,189.43158,92.077637,0.873918,13785,0.748518,osmancik
10173,406.966003,174.503586,74.868652,0.903287,10342,0.762708,osmancik
12067,438.881989,177.977646,87.737801,0.870046,12423,0.667312,osmancik
12019,439.725006,180.436813,85.929436,0.879321,12346,0.704018,osmancik
14870,506.561005,214.931229,89.400253,0.909388,15202,0.579727,cammeo
13149,463.311005,189.873093,89.232033,0.88269,13421,0.787177,osmancik
11746,436.950012,185.253906,81.153961,0.898941,11926,0.589481,osmancik
12213,452.403992,192.341827,81.444199,0.905927,12406,0.64262,osmancik
11747,452.127014,194.494858,78.744461,0.914376,11935,0.542637,cammeo
12081,431.520996,173.522293,89.557068,0.856521,12315,0.780426,osmancik
15360,504.231995,210.390747,94.740959,0.892873,15751,0.757658,cammeo
12269,435.656006,175.955521,90.298096,0.858277,12583,0.778836,osmancik
15558,511.717987,213.9776,94.464714,0.897276,15926,0.632439,cammeo
14205,487.351013,204.332245,89.634254,0.898649,14637,0.773693,cammeo
10590,412.506989,173.711243,78.523422,0.892001,10743,0.783922,osmancik
14988,499.355011,212.261978,90.988075,0.903466,15245,0.588688,cammeo
12387,442.269989,177.719635,90.971504,0.859056,12754,0.585065,osmancik
13380,469.177002,190.813324,91.013153,0.878917,13747,0.619617,cammeo
12593,432.18399,171.484695,93.925026,0.836664,12785,0.663768,osmancik
9679,390.221985,154.200592,81.986458,0.846941,10003,0.620687,osmancik
11945,414.145996,162.352783,94.947281,0.811163,12106,0.797769,osmancik
12148,434.307007,177.477692,88.517502,0.866744,12437,0.75505,osmancik
13446,461.438995,188.982971,91.787323,0.874131,13643,0.598558,osmancik
12831,452.720001,184.246521,89.262573,0.874806,13073,0.611233,osmancik
11410,436.368988,180.802597,81.640213,0.892249,11710,0.617825,osmancik
13200,477.851013,202.596954,83.68837,0.910696,13585,0.641399,cammeo
11957,441.882996,186.961212,81.969994,0.898764,12137,0.773615,osmancik
13824,491.619995,206.389023,86.854881,0.907139,14268,0.633867,cammeo
12325,454.049011,192.695053,82.55291,0.903583,12583,0.786033,osmancik
12608,440.125,174.602524,93.5252,0.844442,12835,0.631031,osmancik
11485,424.488007,175.315369,84.481033,0.876237,11688,0.606261,osmancik
13077,472.904999,203.445068,82.570129,0.913935,13405,0.627375,cammeo
14404,486.484009,206.775757,89.474266,0.901532,14658,0.794572,cammeo
11748,446.695007,190.213318,79.889557,0.907524,11926,0.80976,osmancik
13173,467.476013,194.676453,87.36396,0.89365,13443,0.573163,cammeo
11161,433.829987,182.074905,78.950676,0.901098,11490,0.611227,cammeo
13172,450.290009,178.618118,95.820717,0.843928,13499,0.636329,osmancik
12051,423.22699,168.013275,92.198418,0.835982,12216,0.766018,osmancik
13200,472.464996,203.313736,83.578873,0.911598,13467,0.7453,cammeo
11606,432.313995,185.703735,80.280083,0.901729,11756,0.832747,osmancik
12792,443.72699,179.130264,92.190392,0.857397,13044,0.794189,osmancik
13567,481.404999,202.019699,86.418549,0.903886,13976,0.750927,cammeo
14837,499.832001,210.067245,91.268646,0.900685,15263,0.680097,cammeo
14817,502.644012,214.590851,89.054123,0.909824,15275,0.797986,cammeo
11828,437.907013,184.95726,82.345436,0.895425,12020,0.616427,osmancik
11811,427.751007,170.102051,89.35463,0.850917,12066,0.64541,osmancik
13415,470.355011,197.029938,87.652626,0.895595,13629,0.582248,cammeo
12715,462.617004,197.493637,82.394753,0.908814,12924,0.682721,osmancik
13485,471.570007,198.272644,87.727287,0.896789,13734,0.57232,cammeo
12597,451.542999,189.605362,85.231026,0.893271,12858,0.681545,cammeo
13089,458.076996,182.109207,92.589798,0.861103,13562,0.712909,osmancik
15452,513.262024,220.039078,90.552338,0.911397,15775,0.781193,cammeo
12921,476.746002,206.222626,80.403679,0.920862,13218,0.546921,cammeo
15369,499.265991,205.87529,95.936218,0.884789,15666,0.616041,cammeo
13328,489.385986,217.285614,78.708908,0.932086,13530,0.757445,cammeo
14444,491.144012,203.507187,91.602699,0.892968,14773,0.577945,cammeo
10911,424.557007,173.753754,81.323387,0.883708,11135,0.649464,osmancik
12986,462.110992,195.517578,86.108467,0.897795,13288,0.790576,cammeo
12416,441.928009,175.214722,91.560616,0.852601,12738,0.629168,osmancik
11835,418.713013,168.209824,90.158661,0.844225,12025,0.665486,osmancik
9598,397.0,172.00679,72.283646,0.907414,9766,0.796845,osmancik
10895,411.589996,167.441223,84.258781,0.864162,11155,0.686256,osmancik
10101,405.511993,168.017471,77.905952,0.886004,10384,0.618782,osmancik
14500,495.106995,214.287842,86.66111,0.914576,14712,0.581209,cammeo
11711,447.003998,190.944916,79.289871,0.909707,11904,0.591465,osmancik
12859,462.872009,193.341843,85.908989,0.89586,13279,0.708915,cammeo
12045,452.30899,193.513519,80.277618,0.909893,12368,0.552422,cammeo
11451,426.247009,176.121796,84.355316,0.877837,11666,0.608481,osmancik
17948,526.91803,214.093826,107.54245,0.864685,18322,0.66637,cammeo
16390,502.678009,207.04866,101.517143,0.871551,16635,0.714504,cammeo
15545,516.869019,217.118683,92.246941,0.905255,16019,0.657488,cammeo
11601,435.557007,187.091858,79.526787,0.905161,11757,0.720112,osmancik
13455,467.197998,195.928574,88.519173,0.892123,13723,0.753528,cammeo
11889,428.696991,173.631348,88.43959,0.860558,12113,0.610946,osmancik
11278,430.263,174.445175,83.792336,0.877084,11637,0.736547,osmancik
13907,485.720001,202.581085,89.202423,0.897836,14358,0.555724,cammeo
11091,416.945007,171.774078,82.73455,0.876365,11292,0.610133,osmancik
14045,482.742004,200.027237,90.713844,0.891252,14305,0.572611,cammeo
14050,481.251007,191.823853,95.061974,0.868569,14600,0.607699,cammeo
15077,504.636993,212.942459,91.212669,0.903616,15404,0.786489,cammeo
11594,437.910004,178.676605,84.305405,0.881688,11969,0.600601,osmancik
12411,466.028015,204.513397,78.295982,0.923815,12707,0.530566,cammeo
12150,435.903992,175.483215,89.566841,0.859936,12460,0.710526,osmancik
15545,510.283997,213.436646,93.555023,0.898816,15909,0.568165,cammeo
11780,444.992004,190.960281,78.851738,0.910766,11956,0.780701,osmancik
11322,415.485992,165.348343,88.396187,0.845102,11545,0.65069,osmancik
11611,431.27301,178.513947,84.112518,0.882036,11775,0.691913,osmancik
12261,457.511993,201.017929,78.158127,0.921317,12431,0.812417,osmancik
14363,493.260986,210.569748,87.41584,0.909758,14621,0.577059,cammeo
15141,505.42099,209.593597,93.092377,0.895949,15559,0.5664,cammeo
13135,459.256012,189.780624,89.050835,0.883076,13353,0.580065,osmancik
13241,458.010986,184.91423,93.201309,0.863689,13560,0.778104,osmancik
10770,405.503998,158.728821,87.612633,0.833868,11097,0.666048,osmancik
12201,443.455994,178.085556,88.477806,0.867849,12544,0.63913,osmancik
11422,421.065002,169.542191,87.03212,0.858188,11669,0.611816,osmancik
12317,442.809998,179.335327,88.763847,0.868916,12589,0.660606,osmancik
15815,506.290009,210.504578,96.502357,0.888729,16112,0.795843,cammeo
12032,437.635986,177.403473,87.803329,0.86893,12291,0.605475,osmancik
12907,466.23999,194.469269,85.91095,0.897128,13268,0.635406,cammeo
14850,511.990997,223.147369,85.499733,0.923685,15131,0.576699,cammeo
11418,432.894989,184.016159,79.631142,0.901519,11608,0.631422,osmancik
14146,504.355988,214.062881,85.744965,0.916271,14716,0.625265,cammeo
13315,476.203003,205.188614,83.06102,0.914404,13510,0.551574,cammeo
12708,437.45401,174.358124,93.847748,0.842787,12893,0.643443,osmancik
10759,401.927002,158.939865,87.479523,0.834905,10955,0.619223,osmancik
16413,510.109985,210.555115,100.121895,0.879708,16665,0.59989,cammeo
10740,422.768005,182.96492,75.038017,0.91203,10886,0.556361,osmancik
10862,421.010986,175.220032,80.575645,0.887994,11066,0.612013,osmancik
12840,466.903015,198.155975,83.234253,0.907504,13091,0.591378,cammeo
10925,437.259003,181.590942,77.657631,0.903944,11231,0.779578,osmancik
9117,393.838013,167.611374,69.951889,0.908748,9333,0.540267,osmancik
11764,430.18399,171.966736,88.354904,0.857916,12010,0.626912,osmancik
14295,484.22699,202.770569,91.397118,0.892654,14528,0.551824,cammeo
15135,506.434998,208.722656,93.819305,0.893284,15656,0.574514,cammeo
12282,430.760986,173.742249,90.918602,0.852151,12484,0.664395,osmancik
12407,460.178986,187.736588,85.865417,0.889276,12849,0.582461,osmancik
11933,430.867004,178.962997,85.469978,0.878586,12118,0.798087,osmancik
13902,479.231995,201.114883,89.128593,0.896436,14202,0.698698,cammeo
11902,454.941986,196.469299,78.051666,0.917701,12214,0.700777,osmancik
12826,452.821991,181.857971,91.526825,0.864119,13129,0.606201,osmancik
10566,405.302002,164.946976,82.926018,0.864436,10834,0.604013,osmancik
10841,419.100006,166.865173,84.303154,0.862992,11258,0.694758,osmancik
11392,424.523987,172.198166,85.843719,0.86688,11707,0.678095,osmancik
11099,421.915985,168.932632,86.089851,0.860405,11415,0.598006,osmancik
10516,409.557007,168.520233,80.240913,0.879364,10726,0.636408,osmancik
11500,424.398987,171.817444,86.849503,0.862841,11838,0.786594,osmancik
14563,496.776001,206.127151,91.530441,0.896003,15116,0.591055,cammeo
11337,427.953003,174.944443,83.923981,0.877423,11617,0.595337,osmancik
11660,433.30899,178.63858,84.486588,0.881091,11974,0.617912,osmancik
11786,424.618988,171.843857,88.344162,0.857733,11946,0.624788,osmancik
14969,515.098022,222.044846,87.436684,0.919205,15269,0.546214,cammeo
14676,481.631012,202.402069,92.947235,0.888322,14936,0.650532,cammeo
11908,447.634003,187.821136,81.948509,0.899796,12287,0.580312,osmancik
10211,392.352997,163.197083,80.244873,0.870762,10348,0.753468,osmancik
11706,433.065002,181.553894,82.647812,0.890377,11928,0.586767,osmancik
16263,546.562012,230.959549,91.650925,0.917894,16796,0.571233,cammeo
11042,411.622986,168.359741,84.190033,0.865991,11217,0.791882,osmancik
12563,457.363007,183.511429,88.70047,0.875427,12877,0.59349,osmancik
13631,473.546997,193.494019,91.509064,0.8811,14141,0.580289,cammeo
14456,492.950989,212.411224,87.36013,0.91151,14726,0.795028,cammeo
12243,449.623993,191.078995,82.639343,0.90164,12464,0.799726,cammeo
14204,489.445007,211.883881,85.945084,0.91404,14487,0.686084,cammeo
12593,449.570007,179.367554,90.69928,0.862732,12945,0.627579,osmancik
14421,489.817993,204.956833,90.34169,0.897613,14716,0.62526,cammeo
12198,440.200989,180.956604,86.973282,0.876923,12412,0.600295,osmancik
10326,427.725006,174.47438,77.733734,0.895267,10691,0.607055,osmancik
12467,467.205994,199.806152,80.191406,0.915927,12900,0.787058,cammeo
14181,485.244995,206.858276,87.943344,0.905128,14423,0.64783,cammeo
16091,508.830994,209.183884,99.231758,0.880323,16431,0.670458,cammeo
11816,446.100006,187.143158,81.82019,0.899361,12069,0.746714,osmancik
14522,499.825012,217.674362,85.687889,0.91926,14719,0.531941,cammeo
11288,429.647003,173.535583,84.295471,0.874096,11665,0.593106,osmancik
14333,493.898987,207.509949,89.446159,0.90233,14772,0.559795,cammeo
12416,449.73999,190.607559,83.519455,0.89889,12607,0.677212,osmancik
15475,511.427002,219.148239,91.462547,0.908744,15759,0.788736,cammeo
13320,467.638,200.38208,85.125572,0.90528,13504,0.646571,osmancik
12158,441.477997,182.287292,85.521011,0.883116,12359,0.715513,cammeo
10979,417.363007,175.872437,80.277771,0.889747,11146,0.666849,osmancik
15238,496.871002,208.531784,93.8284,0.893055,15487,0.732314,cammeo
12059,431.645996,171.671997,90.915131,0.848256,12359,0.699559,osmancik
13607,482.817993,202.847244,86.154137,0.905323,13901,0.556842,cammeo
15779,506.377014,209.404892,97.430901,0.885166,16201,0.619465,cammeo
10974,413.5,170.567825,83.244881,0.872818,11142,0.7641,osmancik
11027,422.389008,172.867432,82.66507,0.878251,11350,0.781835,osmancik
13939,484.393005,207.026276,86.223473,0.909142,14233,0.642469,cammeo
15547,501.804993,208.499176,95.807861,0.888172,15867,0.598284,cammeo
12720,449.623993,178.614777,92.751686,0.854602,13095,0.74386,cammeo
10550,404.295013,160.470123,85.450035,0.846431,10846,0.779806,osmancik
10622,408.028015,166.329102,81.884048,0.870425,10808,0.620807,osmancik
12210,453.123993,189.420776,83.155396,0.898488,12641,0.637332,cammeo
17079,520.450012,216.159988,101.762497,0.882254,17418,0.794372,cammeo
11249,423.095001,167.863007,86.538773,0.85687,11560,0.618893,osmancik
16588,531.39502,221.885498,96.652573,0.900142,16854,0.578988,cammeo
11962,449.441986,192.088913,80.964729,0.90683,12171,0.538902,cammeo
15809,521.497009,224.521652,90.605118,0.914959,16150,0.564607,cammeo
13273,463.333008,197.452789,85.997467,0.900172,13462,0.585823,cammeo
10613,423.32901,172.112762,79.712402,0.886285,10881,0.58697,osmancik
11144,410.343994,164.09407,87.663681,0.84534,11378,0.63383,osmancik
12403,451.243988,194.006195,82.41925,0.905274,12596,0.830688,cammeo
13880,479.635986,203.022568,87.376198,0.902649,14160,0.768251,osmancik
11290,427.589996,180.138412,80.426071,0.894799,11427,0.572515,osmancik
13787,476.895996,201.338318,88.164482,0.899027,14045,0.575994,cammeo
15868,519.528992,219.178925,93.269646,0.904939,16281,0.571264,cammeo
13316,445.049988,179.455124,95.033066,0.84827,13517,0.814135,osmancik
16602,528.353027,224.415421,95.472763,0.904992,16900,0.565482,cammeo
10971,407.355988,167.404663,84.579071,0.86298,11108,0.739635,osmancik
11458,437.44101,178.603592,83.982849,0.88255,11732,0.762038,osmancik
10997,421.484985,171.561417,82.593056,0.87649,11249,0.610334,osmancik
11180,425.497009,177.018585,81.562515,0.887526,11353,0.579395,osmancik
13840,476.901001,201.625687,88.2425,0.899143,14205,0.630581,cammeo
14057,463.141998,189.792603,95.088852,0.865439,14259,0.626119,cammeo
10519,406.756012,169.019043,80.372284,0.879704,10684,0.605445,osmancik
10228,403.890991,164.950424,79.705467,0.875505,10475,0.649768,osmancik
14795,497.515991,213.60318,89.846184,0.907236,15002,0.803072,cammeo
10264,410.139008,169.603958,78.00386,0.887962,10572,0.595774,osmancik
12900,461.835999,195.345139,84.571976,0.901425,13160,0.591797,osmancik
12434,450.496002,176.910126,91.678093,0.855248,12847,0.612392,osmancik
13959,477.263,200.4944,89.459839,0.894935,14242,0.715736,cammeo
11619,447.316986,193.120865,77.052132,0.916958,11811,0.66455,osmancik
11856,431.863007,174.352432,88.682663,0.860979,12188,0.615065,osmancik
12711,470.162994,196.3638,83.78096,0.904411,13007,0.56045,cammeo
12500,444.845001,182.479797,88.281975,0.875184,12734,0.669022,osmancik
12345,448.769012,180.520493,88.84285,0.870511,12676,0.594997,osmancik
11590,435.846008,176.939529,84.809601,0.877643,11880,0.723651,osmancik
15094,513.924011,224.71965,86.436562,0.923066,15292,0.79417,cammeo
10949,417.406006,168.076447,84.67337,0.863833,11280,0.619638,osmancik
12164,436.609009,180.375656,86.533249,0.877411,12351,0.637192,osmancik
10392,416.489014,177.366348,75.566948,0.9047,10559,0.562459,osmancik
12780,437.028992,175.116821,93.660583,0.844949,12940,0.706311,osmancik
11569,433.013,183.720306,80.480423,0.898946,11734,0.610372,osmancik
12675,453.35199,191.336823,85.129997,0.895569,12856,0.571847,osmancik
12899,472.263,205.520554,80.433365,0.920236,13107,0.585919,cammeo
10102,411.808014,176.813766,74.266731,0.907511,10350,0.577918,osmancik
11906,435.76001,178.807068,85.968414,0.876836,12194,0.60498,osmancik
15290,519.317017,221.429626,88.877342,0.915912,15699,0.661561,cammeo
12387,444.225006,178.09758,90.581772,0.860999,12753,0.64328,osmancik
10249,404.088989,165.682449,80.384262,0.874419,10486,0.671449,osmancik
10851,408.929993,168.008224,83.328949,0.868333,11007,0.615555,osmancik
10673,404.138,162.79039,84.196159,0.855861,10869,0.738923,osmancik
14930,499.924988,212.245819,90.017479,0.905606,15248,0.624373,cammeo
13684,505.654999,213.593628,83.51059,0.9204,14158,0.577628,cammeo
11512,414.600006,166.644196,88.626907,0.846849,11700,0.770549,osmancik
10534,423.621002,176.343719,77.708,0.897673,10826,0.804245,osmancik
10785,423.795013,175.269012,79.077591,0.892434,11069,0.708421,osmancik
14232,492.54599,205.026947,89.558083,0.899553,14620,0.715176,cammeo
12557,443.01001,177.728775,91.599442,0.856956,12896,0.639293,osmancik
14184,479.234009,197.46431,92.075211,0.884633,14537,0.603831,cammeo
11573,427.281006,176.789062,84.645287,0.877928,11828,0.606838,osmancik
11542,424.515991,171.504501,87.680611,0.859436,11811,0.699515,osmancik
15007,506.579987,217.267471,88.550156,0.913177,15314,0.737372,cammeo
10805,410.445007,164.704437,84.794678,0.857293,11050,0.584971,osmancik
14471,503.674011,207.928726,90.160225,0.9011,14894,0.554955,cammeo
10380,399.177002,164.590576,80.959579,0.87066,10630,0.706411,osmancik
15420,503.459991,206.056549,96.417282,0.883773,15800,0.584622,osmancik
10561,405.739014,168.938522,80.090797,0.88048,10709,0.602247,osmancik
11672,430.641998,177.948151,84.679787,0.879517,11849,0.597461,osmancik
12723,460.880005,185.754745,89.16935,0.877248,13302,0.674996,osmancik
10311,408.339996,168.205688,79.923637,0.879903,10593,0.653505,osmancik
13998,486.376007,204.203796,88.512878,0.901176,14401,0.546882,cammeo
11981,448.826996,190.128998,81.324394,0.903905,12154,0.562092,cammeo
13286,480.071014,202.548401,85.116951,0.907418,13633,0.550145,cammeo
13700,455.625,185.958542,94.565491,0.861044,13893,0.614515,osmancik
14755,510.138,218.699158,86.812355,0.917841,15025,0.533326,cammeo
12600,441.234009,182.663254,88.160889,0.875818,12767,0.600686,osmancik
11199,421.042999,170.691116,85.023941,0.86711,11405,0.803372,osmancik
11016,416.897003,174.627548,81.190216,0.885346,11149,0.586957,osmancik
13241,466.98999,193.54422,88.05835,0.890503,13577,0.577655,cammeo
11459,435.453003,175.306442,85.231819,0.873854,11833,0.583898,osmancik
14092,499.416992,210.963013,86.79673,0.911441,14618,0.772927,cammeo
11184,419.475006,172.621506,83.550888,0.875061,11347,0.608653,osmancik
12573,461.466003,192.903351,84.572075,0.898772,12893,0.550433,osmancik
13536,478.006012,203.173782,85.910576,0.906203,13810,0.552806,cammeo
14625,497.252014,212.798508,88.363693,0.909709,14924,0.548945,cammeo
14601,476.226013,192.606537,97.932137,0.861087,14815,0.627838,cammeo
11702,432.773987,177.724609,84.663322,0.879243,11975,0.597163,cammeo
14410,477.661987,197.176376,93.660339,0.879982,14645,0.657271,cammeo
14274,488.829987,203.567856,89.929993,0.897129,14529,0.572357,cammeo
15786,500.860992,205.467239,98.81665,0.876756,16127,0.610913,cammeo
13831,483.615997,202.875778,88.290863,0.900335,14270,0.591068,cammeo
10138,414.009003,171.619736,77.159386,0.893232,10425,0.566432,osmancik
14022,483.019012,204.482956,88.569267,0.901328,14358,0.704729,cammeo
14741,497.225006,212.463364,89.453728,0.907046,15036,0.553715,cammeo
11875,429.949005,173.693481,88.04171,0.862017,12128,0.78445,osmancik
11108,416.834015,166.336594,86.459244,0.854297,11420,0.680012,osmancik
12184,437.838989,180.107086,87.291695,0.8747,12398,0.773735,osmancik
13502,473.011993,198.147385,88.035591,0.895881,13778,0.753881,cammeo
12784,468.713989,197.192429,84.304161,0.904005,13140,0.582468,osmancik
14802,497.832001,209.61795,91.147133,0.900515,15208,0.62298,cammeo
15390,511.509003,214.466095,92.457222,0.902302,15788,0.773289,cammeo
11893,435.28299,176.659348,87.10894,0.869978,12243,0.772323,osmancik
10692,410.252991,170.17923,80.288887,0.881711,10863,0.630796,osmancik
13413,475.390015,196.856781,87.788185,0.895058,13917,0.571009,cammeo
14256,492.927002,209.803207,87.690369,0.908463,14730,0.702266,cammeo
12796,471.209015,203.929626,80.330009,0.919149,13022,0.684059,cammeo
11454,424.95401,175.07666,84.244926,0.876617,11646,0.733103,osmancik
12768,450.600006,188.643356,86.66716,0.888217,12961,0.7982,osmancik
11220,418.549011,172.758026,83.326721,0.875989,11380,0.606618,osmancik
12162,450.790985,186.692368,84.637672,0.891331,12502,0.65801,osmancik
14833,496.936005,209.312317,91.475899,0.899447,15072,0.556753,cammeo
11931,445.101013,187.920517,82.142204,0.899407,12174,0.648142,cammeo
14162,480.252991,202.89592,89.487526,0.897482,14414,0.584024,cammeo
12206,441.285004,186.760315,83.657547,0.894063,12404,0.590518,osmancik
13877,489.622986,205.145126,86.936371,0.905765,14176,0.563808,cammeo
13372,472.170013,197.780365,87.605309,0.89655,13750,0.607349,cammeo
15167,514.231018,220.546524,88.99762,0.914965,15456,0.628033,cammeo
11396,446.28299,192.232407,76.526459,0.917345,11692,0.645154,cammeo
8810,384.747009,164.353943,68.901581,0.907881,8987,0.587568,osmancik
14261,496.359009,208.851974,88.24221,0.906358,14763,0.695659,cammeo
12061,432.688995,174.202789,90.06543,0.855976,12378,0.628014,osmancik
10723,431.164001,182.325119,76.51873,0.907671,11059,0.781275,osmancik
13891,486.937988,209.804764,85.738426,0.912688,14170,0.828473,cammeo
15189,506.821991,209.189545,93.619804,0.894266,15629,0.674078,cammeo
12879,476.576996,203.16597,81.260834,0.916527,13105,0.660394,cammeo
10889,409.016998,165.919464,84.852348,0.859339,11123,0.804804,osmancik
11068,419.929993,174.130096,81.809547,0.882763,11242,0.603918,cammeo
12633,452.002991,186.434479,87.424637,0.883236,12863,0.584617,osmancik
12094,432.390991,173.418808,89.6716,0.855936,12318,0.637869,osmancik
14013,458.911011,181.951492,99.443764,0.837433,14323,0.794388,cammeo
14439,492.553009,211.852142,87.434669,0.91086,14614,0.572794,cammeo
11497,438.910004,179.692917,82.843056,0.887387,11820,0.57439,osmancik
12378,454.062012,195.472137,81.289963,0.909427,12570,0.556565,osmancik
15061,497.359009,207.650421,93.055847,0.893965,15327,0.716781,cammeo
10864,426.578003,174.110138,81.123055,0.884822,11170,0.578118,osmancik
14913,502.868011,215.600143,88.823799,0.911191,15300,0.692726,cammeo
10937,424.585999,177.167053,79.757004,0.892938,11103,0.595211,cammeo
10470,419.018005,177.064362,75.63279,0.904181,10682,0.598628,osmancik
12587,461.781006,193.994949,83.733887,0.902051,12910,0.669521,osmancik
12190,445.894989,185.756943,84.649025,0.890135,12386,0.716216,osmancik
11553,433.777008,183.221375,80.945145,0.897119,11729,0.806774,osmancik
13988,491.489014,208.364639,86.784966,0.909133,14427,0.613105,cammeo
11733,436.26001,182.889221,82.626091,0.892128,11955,0.686622,cammeo
15398,513.02301,214.05426,93.684486,0.899137,15936,0.695044,cammeo
14153,480.321991,196.978271,92.798729,0.882074,14555,0.772122,osmancik
10198,400.195007,166.594116,78.231941,0.882881,10351,0.624992,osmancik
10395,403.01001,169.257492,78.73082,0.88523,10559,0.593322,osmancik
14570,469.981995,185.401459,100.887917,0.838982,14895,0.654537,cammeo
10919,428.701996,182.932648,77.901772,0.904794,11162,0.609047,osmancik
11363,416.049988,168.438477,86.908234,0.85661,11594,0.630262,osmancik
17353,539.033997,220.961197,101.454102,0.888359,17845,0.630308,cammeo
10610,410.506012,171.156174,79.345955,0.886051,10769,0.825103,cammeo
11071,419.593994,170.464203,83.972481,0.87025,11303,0.770693,osmancik
12663,468.223999,199.697495,81.616203,0.912669,12979,0.623394,cammeo
10030,414.384003,181.600571,70.759949,0.920965,10152,0.771895,osmancik
9212,384.596008,155.839966,76.306961,0.871919,9453,0.659649,osmancik
14479,473.957001,193.131821,96.948593,0.864878,14812,0.636635,cammeo
14263,490.751007,203.778442,90.265884,0.896541,14779,0.731548,cammeo
12468,461.549988,196.818283,81.547295,0.910128,12786,0.676506,cammeo
12544,442.171997,178.022705,90.757629,0.860287,12835,0.770753,osmancik
14619,493.523987,209.532883,89.808014,0.903489,14973,0.612314,cammeo
11753,425.385986,176.008209,85.757042,0.873272,11919,0.655567,osmancik
11624,452.371002,190.017715,79.306473,0.90874,11979,0.586005,osmancik
12344,466.84201,204.10878,77.814323,0.924476,12596,0.721281,cammeo
11423,418.604004,169.073288,87.284882,0.856435,11717,0.655477,osmancik
10719,418.670013,175.008362,78.831078,0.892806,10983,0.636898,osmancik
16865,517.747009,210.479446,103.804939,0.869925,17234,0.650204,cammeo
12924,474.424011,203.019928,81.822159,0.915189,13150,0.535732,cammeo
12419,439.157013,175.854065,90.91185,0.856002,12675,0.62382,osmancik
11211,410.575989,162.871399,88.590126,0.839133,11408,0.643423,osmancik
11543,428.60199,175.370682,85.058243,0.874503,11859,0.671066,osmancik
13058,451.313995,181.873672,92.20594,0.861959,13310,0.62809,osmancik
14972,501.865997,208.838425,92.893211,0.895625,15476,0.727078,cammeo
15888,518.554993,218.194092,94.056854,0.902319,16245,0.557532,cammeo
10862,412.425995,167.386948,83.531601,0.866583,11050,0.672153,osmancik
12292,447.485992,181.356705,87.986626,0.874427,12535,0.593874,osmancik
14712,503.710999,217.609726,87.285233,0.91603,15109,0.803144,cammeo
12989,450.238007,182.6436,91.990929,0.8639,13259,0.638029,osmancik
11226,413.549988,168.533478,85.627701,0.861313,11424,0.772396,osmancik
12950,468.570007,196.616791,84.800316,0.90221,13584,0.76181,cammeo
10367,413.959991,176.566513,75.28862,0.904533,10529,0.560378,osmancik
10037,395.339996,164.243149,78.499763,0.878388,10210,0.764899,osmancik
14633,495.093994,208.780533,90.255913,0.90173,14978,0.643605,cammeo
14868,510.43399,219.333786,88.039116,0.915906,15190,0.796699,cammeo
14975,508.078003,212.556427,91.274765,0.903108,15482,0.631377,cammeo
13043,442.497986,173.803635,96.69751,0.830941,13278,0.647649,osmancik
12053,440.977997,180.095749,86.762848,0.876303,12351,0.590486,osmancik
14958,505.256989,216.376297,88.348907,0.912843,15235,0.708608,cammeo
13678,472.122986,200.25354,88.026688,0.898205,13879,0.57884,cammeo
10246,406.371002,163.894699,81.508217,0.867567,10655,0.707108,osmancik
13541,478.460999,206.699493,84.098557,0.913489,13768,0.813469,cammeo
11898,420.778992,166.078461,92.475777,0.830633,12133,0.762497,osmancik
11689,444.89801,191.935974,78.100044,0.91347,11935,0.549295,cammeo
12323,438.653015,174.604752,91.007248,0.853423,12504,0.615657,osmancik
11859,444.800995,183.552765,83.574203,0.890331,12213,0.763127,cammeo
9776,403.675995,170.880051,73.111275,0.903849,9969,0.641933,osmancik
12671,448.838013,180.471436,90.698441,0.86454,12963,0.661602,osmancik
11465,410.515015,160.706329,92.144325,0.819296,11706,0.757566,osmancik
14477,499.470001,217.105469,85.792168,0.918611,14726,0.575512,cammeo
12074,436.462006,178.207611,87.64711,0.870694,12300,0.601774,osmancik
15714,501.154999,205.013306,99.275543,0.874935,16074,0.733888,cammeo
12581,439.154999,171.123901,95.38031,0.83026,12858,0.695736,osmancik
12260,453.572998,193.161331,81.175537,0.90741,12508,0.574158,osmancik
14683,493.571991,209.051971,90.584328,0.901245,14947,0.7022,cammeo
13410,464.776001,186.428986,93.294456,0.865778,13894,0.716691,osmancik
13268,473.43399,200.700836,84.700348,0.906585,13562,0.716221,cammeo
13221,448.644989,181.138916,93.822205,0.855407,13378,0.625402,osmancik
13410,477.084991,195.798935,88.776749,0.891303,13842,0.572343,cammeo
11771,430.470001,181.302994,83.219566,0.888432,11919,0.796737,osmancik
10786,408.024994,165.129929,84.932243,0.857589,11022,0.787587,osmancik
9853,395.501007,159.916122,80.057785,0.865665,10102,0.601967,osmancik
11281,424.971008,170.975967,85.273781,0.866747,11543,0.689463,osmancik
11462,432.108002,180.28006,81.890213,0.89088,11725,0.699927,osmancik
12054,439.658997,184.576157,84.057137,0.890284,12227,0.732276,osmancik
10878,410.721985,168.797806,82.686569,0.871804,11079,0.689441,osmancik
10151,420.899994,181.995575,72.09951,0.918181,10407,0.521634,osmancik
11819,434.033997,176.372116,86.818947,0.870455,12193,0.771878,osmancik
13916,478.877991,201.639679,88.560974,0.898387,14221,0.603993,cammeo
15322,506.39801,217.863754,90.177071,0.910316,15531,0.813615,cammeo
13125,475.355011,198.59845,85.407959,0.902803,13575,0.583178,cammeo
14349,496.946014,213.544022,86.160774,0.914988,14678,0.666837,cammeo
11722,423.701996,174.956299,85.814613,0.871446,11891,0.611253,osmancik
16258,518.77002,214.286469,97.379005,0.890781,16551,0.707577,cammeo
14686,490.406006,203.033798,93.828041,0.886812,15065,0.614683,cammeo
10736,417.394989,178.903671,76.733383,0.903348,10901,0.743387,osmancik
11907,448.165009,185.981155,82.81884,0.895378,12209,0.565385,osmancik
8652,374.402008,151.822144,74.143852,0.872642,8866,0.609124,osmancik
13650,475.242004,199.32608,87.974709,0.89733,13859,0.572135,cammeo
11584,431.358002,170.829422,87.870094,0.857566,11897,0.613559,osmancik
10215,401.484009,164.242599,80.215614,0.872621,10435,0.682228,osmancik
14399,484.082001,200.173538,92.851593,0.885911,14849,0.604797,cammeo
11485,429.390991,173.499451,85.608887,0.869789,11758,0.605749,osmancik
11597,433.682007,180.843887,82.677979,0.889375,11803,0.605524,osmancik
15611,506.546997,215.200729,93.392288,0.900924,15806,0.732189,cammeo
11392,427.744995,174.022873,84.527077,0.874112,11609,0.60256,osmancik
13362,460.070007,186.353241,92.159195,0.869155,13612,0.741016,osmancik
11201,416.535004,171.002991,84.241798,0.870237,11384,0.757643,osmancik
12184,434.40799,181.746078,85.971947,0.881045,12336,0.728708,osmancik
15373,489.131012,200.140915,98.965912,0.869188,15617,0.776414,cammeo
10583,401.309998,164.735611,82.486282,0.86561,10769,0.723476,osmancik
14843,510.10199,220.035858,86.501358,0.919486,15155,0.533154,cammeo
11154,427.221985,174.31781,82.176094,0.881911,11506,0.608577,osmancik
12723,465.941986,197.752319,83.903,0.90553,12974,0.683151,cammeo
13697,482.384003,206.734451,85.180931,0.91117,13927,0.597079,cammeo
10246,419.950012,178.923706,74.241623,0.909851,10525,0.777862,osmancik
10693,408.70401,167.524094,82.575714,0.870076,10911,0.740923,osmancik
12417,455.083008,187.295212,85.611374,0.889419,12851,0.658762,cammeo
11553,428.696991,170.706741,87.529068,0.858541,11845,0.601061,osmancik
10032,403.096008,165.606613,78.483276,0.880571,10307,0.745985,osmancik
8992,377.332001,158.278915,73.05545,0.887108,9105,0.594512,osmancik
15830,516.231995,220.819244,92.343987,0.90836,16074,0.701436,cammeo
11671,459.779999,199.403214,75.458481,0.925633,12110,0.643207,cammeo
12415,445.994995,184.367188,87.041153,0.881541,12719,0.657992,osmancik
12218,442.686005,184.3535,85.839714,0.884982,12468,0.642039,osmancik
12919,475.26001,201.815659,83.206268,0.911053,13256,0.765162,cammeo
13634,491.179993,209.13353,83.733734,0.916347,14075,0.78791,cammeo
13142,464.651001,194.744995,86.587296,0.89572,13406,0.661333,cammeo
12588,445.298004,181.656754,89.527115,0.870122,12865,0.777133,osmancik
7551,369.063995,163.408829,59.532406,0.931275,7723,0.756462,osmancik
11764,428.561005,171.586273,88.725502,0.855931,12125,0.688034,osmancik
10346,402.580994,167.278458,79.824219,0.878798,10479,0.589717,osmancik
13256,462.723999,194.148758,87.728874,0.892087,13465,0.647424,cammeo
13334,470.523987,194.319199,89.291855,0.888172,13738,0.624309,cammeo
11890,430.338989,174.822784,87.97628,0.864152,12142,0.687283,osmancik
11000,413.260986,167.333313,84.737801,0.862298,11158,0.793651,osmancik
11623,424.359009,167.403992,90.133011,0.842679,11990,0.760269,osmancik
11180,415.410004,169.463715,85.453522,0.863553,11359,0.778823,osmancik
15540,516.315979,217.387222,92.473465,0.905012,16084,0.632479,cammeo
13158,470.996002,201.018387,84.503014,0.907351,13462,0.619783,cammeo
13309,460.921997,191.462967,88.95414,0.885519,13540,0.653748,cammeo
13888,481.747986,205.746323,87.0028,0.906193,14178,0.585103,cammeo
13626,469.342987,191.380234,92.17392,0.876376,13931,0.607219,osmancik
10712,417.251007,174.898712,79.081963,0.891938,10940,0.583824,osmancik
12756,442.975006,177.986343,92.229248,0.855271,13028,0.70374,osmancik
10838,412.490997,165.197464,84.855789,0.857992,11167,0.718319,osmancik
10572,412.252014,163.651184,84.481796,0.856449,10911,0.662199,osmancik
12495,451.316986,182.641617,88.681213,0.87421,12902,0.590613,osmancik
15655,513.301025,216.098999,93.567146,0.901402,16085,0.565653,cammeo
14608,483.161011,201.034943,93.460732,0.885364,14845,0.655008,osmancik
10085,404.679993,168.401062,77.304375,0.888411,10342,0.571712,osmancik
13777,480.835999,197.005875,90.184746,0.889067,14266,0.63264,cammeo
13189,482.367004,203.717438,84.414871,0.910107,13635,0.596356,cammeo
13023,480.447998,205.312088,82.033852,0.916708,13444,0.63243,cammeo
16436,529.862976,230.931046,91.065186,0.918965,16648,0.634105,cammeo
10767,410.622986,166.023178,83.886795,0.86296,10978,0.77216,osmancik
12357,447.390991,186.287857,85.014305,0.889795,12602,0.763626,osmancik
15594,515.661011,216.534271,93.279984,0.902454,16029,0.666667,cammeo
12171,431.949005,174.38002,90.050575,0.856345,12366,0.618822,osmancik
11385,436.606995,180.069901,82.653183,0.888433,11778,0.75976,osmancik
12800,448.291992,185.55368,88.766945,0.878148,13000,0.781441,osmancik
12239,473.514008,208.047897,75.606438,0.93163,12622,0.517199,cammeo
14558,496.304993,204.360626,91.956604,0.893043,14908,0.569473,cammeo
10921,425.011993,175.638321,80.60688,0.888469,11271,0.770441,osmancik
15191,501.891998,211.72319,92.785706,0.898858,15492,0.568377,cammeo
11377,452.40799,201.306259,72.281418,0.933314,11555,0.525545,cammeo
14687,498.390991,210.580444,90.295883,0.903402,14977,0.566104,cammeo
13973,474.007996,192.349289,93.779144,0.873097,14354,0.614198,cammeo
11178,419.278015,166.614304,87.070885,0.852584,11507,0.604478,osmancik
11917,437.303986,179.576477,85.649315,0.878929,12192,0.639358,osmancik
13204,473.81601,203.774658,83.109901,0.913048,13430,0.593065,cammeo
10578,414.619995,167.751923,81.585701,0.873766,10899,0.603974,osmancik
12085,431.208008,168.88475,92.549568,0.836476,12279,0.702575,osmancik
13884,478.701996,201.316299,89.181206,0.896526,14217,0.797931,cammeo
13645,454.61499,182.604645,95.708244,0.851639,13819,0.627529,osmancik
14910,511.600006,221.612289,86.216988,0.921219,15215,0.699639,cammeo
11314,424.084991,178.783157,81.836761,0.889084,11482,0.760452,osmancik
12266,438.822998,178.842438,88.801071,0.868018,12554,0.769994,osmancik
11678,423.675995,173.41394,86.467072,0.866823,11839,0.621104,osmancik
13104,476.989014,202.42511,83.613289,0.910705,13464,0.538816,cammeo
11504,432.444,175.78508,84.95903,0.875448,11861,0.588019,osmancik
11730,424.164001,172.737366,87.719803,0.861462,11913,0.62281,osmancik
13091,473.152008,203.862701,82.550697,0.914346,13451,0.752356,cammeo
14070,484.216003,203.280045,89.091881,0.898843,14448,0.567339,cammeo
11686,433.438995,176.762436,85.646652,0.874775,12038,0.781568,osmancik
13263,480.19101,205.575867,83.137444,0.914577,13517,0.680573,cammeo
12037,436.201996,177.233521,87.299606,0.870274,12285,0.671933,osmancik
11908,430.703003,174.373001,88.108505,0.862951,12162,0.688324,osmancik
10871,414.674011,165.74614,85.628494,0.856212,11224,0.766103,osmancik
13728,488.10199,208.974121,84.640854,0.914303,14052,0.557935,cammeo
9723,388.617004,158.360825,79.342583,0.865433,9949,0.625193,osmancik
8505,359.100006,147.798889,73.808685,0.86638,8651,0.677258,osmancik
13431,482.529999,212.450607,81.185478,0.924105,13786,0.777977,cammeo
13217,471.751007,194.131317,88.092178,0.891116,13520,0.57209,osmancik
12556,437.914001,180.211212,89.38488,0.868322,12735,0.718594,osmancik
11808,431.457001,176.304581,85.558952,0.874353,12006,0.618349,osmancik
11358,430.791992,177.456482,82.11937,0.886485,11546,0.750396,osmancik
11831,428.700989,167.416641,92.253143,0.834479,12116,0.773268,osmancik
12895,461.582001,189.032028,88.763908,0.882895,13267,0.767194,osmancik
11031,421.290985,172.667358,82.596184,0.878167,11298,0.728792,osmancik
15809,517.232971,222.42067,91.562859,0.911335,16025,0.55689,cammeo
14041,491.661011,212.856934,84.567307,0.91769,14289,0.786611,cammeo
12269,436.011993,177.88475,88.848114,0.866331,12466,0.745836,osmancik
11679,417.825012,170.567993,87.636635,0.857914,11853,0.794328,osmancik
10539,420.636993,174.819809,77.63504,0.895984,10775,0.662705,osmancik
14560,501.246002,212.106094,89.321312,0.907007,14988,0.689557,cammeo
10858,412.21701,166.962326,84.06575,0.863994,11171,0.792902,osmancik
13328,473.044006,201.398865,85.258606,0.905975,13588,0.7801,cammeo
12981,451.326996,183.761856,91.078728,0.868531,13231,0.754929,osmancik
10167,406.825989,160.961853,82.921204,0.857094,10479,0.665031,osmancik
15069,505.454987,211.906494,91.935539,0.900985,15431,0.553519,cammeo
12666,453.677002,191.364746,85.135948,0.895586,12866,0.670159,osmancik
11973,436.183014,177.134171,87.458321,0.869609,12197,0.59889,osmancik
12820,459.17099,193.705093,84.834084,0.898997,13002,0.596168,cammeo
12776,457.471008,184.232864,89.641037,0.873645,13089,0.743007,osmancik
13693,479.479004,200.397293,88.174461,0.897999,14097,0.695253,cammeo
14828,494.287994,202.103149,95.034622,0.882545,15197,0.591794,cammeo
13871,496.57901,212.570801,83.774239,0.919067,14344,0.527816,cammeo
10728,415.927002,169.274338,81.996887,0.874845,10996,0.5931,osmancik
11607,426.428009,172.181534,87.263527,0.862057,11842,0.644189,osmancik
15113,493.738007,206.566132,94.191368,0.889987,15374,0.659035,cammeo
9669,388.606995,151.438461,83.590904,0.833858,10012,0.73389,osmancik
13782,471.131012,194.438339,90.978462,0.883779,14000,0.596623,cammeo
12974,469.27301,197.633163,84.732117,0.903431,13219,0.686455,cammeo
9962,404.945007,170.916489,74.792938,0.89917,10137,0.576105,osmancik
15249,506.049988,212.090942,92.494225,0.899895,15582,0.783044,cammeo
13969,486.509003,206.02858,87.726128,0.904819,14277,0.652757,cammeo
12502,443.585999,179.128143,89.949326,0.86478,12788,0.789268,osmancik
13000,460.371002,195.098755,85.722649,0.898301,13231,0.582855,cammeo
11322,415.601013,164.598053,88.870033,0.841715,11619,0.754046,osmancik
10884,406.718994,156.77713,89.608124,0.820558,11233,0.72367,osmancik
13331,461.30899,193.559937,88.796234,0.888564,13500,0.579508,osmancik
14500,504.067993,218.905029,85.141167,0.921263,14864,0.619897,cammeo
14055,488.748993,207.751755,87.250328,0.907536,14484,0.550076,cammeo
10780,407.15799,163.393021,85.594276,0.851807,11096,0.67375,osmancik
12318,442.587006,189.564438,83.203926,0.898525,12495,0.651746,osmancik
12010,428.140015,171.222183,90.103073,0.850339,12222,0.665743,osmancik
12546,442.06601,184.264832,87.304932,0.880632,12744,0.678896,osmancik
12935,462.980011,195.304321,85.48748,0.899114,13213,0.753042,cammeo
12286,444.886993,183.288712,86.731056,0.880958,12583,0.681874,cammeo
12025,447.22699,184.914642,84.147972,0.890459,12373,0.647027,osmancik
10662,420.195007,175.882507,78.516281,0.894827,10944,0.56943,osmancik
10015,402.455994,159.726685,81.877609,0.858621,10408,0.60697,osmancik
11795,428.75,175.960007,86.420631,0.871082,12016,0.73811,osmancik
10451,419.696014,174.233688,78.358902,0.893162,10722,0.586871,osmancik
16188,526.875977,224.041916,93.175621,0.909417,16605,0.663008,cammeo
10528,411.119995,164.819962,83.140488,0.863451,10862,0.621488,osmancik
13350,466.618988,196.508972,87.161552,0.89625,13562,0.79921,cammeo
13589,479.835999,201.711777,87.165512,0.901812,13908,0.58934,osmancik
12895,449.513,186.661514,88.588745,0.880204,13072,0.584754,osmancik
10360,408.281006,165.732925,81.286636,0.871459,10649,0.785265,osmancik
15953,522.185974,220.755234,93.042099,0.906842,16307,0.789362,cammeo
10360,427.332001,187.574188,70.725792,0.926191,10525,0.543233,osmancik
13207,458.877991,187.833588,90.638046,0.875871,13501,0.73242,osmancik
11422,414.81601,166.049408,88.442978,0.846348,11624,0.709441,osmancik
7943,362.673004,154.886322,65.930885,0.904877,8080,0.608659,osmancik
14800,502.618988,213.994919,88.855675,0.90972,15123,0.791232,cammeo
14337,501.765991,219.312668,83.446442,0.924785,14631,0.743158,cammeo
10193,409.795013,174.169617,75.030907,0.902451,10377,0.756438,osmancik
14071,479.092987,197.404968,92.300987,0.883955,14398,0.598995,cammeo
11480,419.106995,170.622406,86.627869,0.861524,11674,0.785441,osmancik
13092,465.437012,197.04187,85.83564,0.90013,13369,0.768851,cammeo
10818,416.768005,175.708755,78.832657,0.893705,10987,0.634487,osmancik
11622,419.56601,167.307068,89.680183,0.844204,11854,0.631116,osmancik
12635,439.083008,171.228714,94.814178,0.832697,12929,0.631119,osmancik
10366,403.459991,162.356171,83.068481,0.859198,10680,0.707528,osmancik
11585,428.372986,171.561981,87.440521,0.860368,11939,0.608904,osmancik
12665,445.662994,186.280396,87.287025,0.883422,12811,0.710081,osmancik
11107,408.458008,162.176285,87.873238,0.840483,11330,0.661131,osmancik
11087,432.382996,177.498978,80.544197,0.891117,11380,0.594637,osmancik
11652,428.808014,169.58989,89.573807,0.849133,12067,0.737002,osmancik
9711,396.468994,166.69046,74.74411,0.893833,9859,0.587833,osmancik
11136,417.766998,170.422348,84.605919,0.868066,11384,0.784612,osmancik
14816,496.31601,206.657425,92.174126,0.895021,15194,0.581499,cammeo
11327,422.684998,175.853058,82.81971,0.882155,11475,0.596315,osmancik
12726,455.346008,188.777786,86.939911,0.887638,13010,0.768478,osmancik
11307,424.895996,173.943649,83.697662,0.876624,11499,0.738633,osmancik
10891,406.571014,159.86882,87.573212,0.836621,11103,0.675956,osmancik
8679,380.601013,158.23526,70.787994,0.894354,8889,0.718044,osmancik
11614,418.868011,168.930786,88.241997,0.852728,11803,0.670709,osmancik
12161,448.59201,186.401291,84.418823,0.891568,12453,0.607837,osmancik
12013,443.477997,189.286911,81.287277,0.903096,12160,0.567776,osmancik
11530,425.391998,177.015213,83.926918,0.880459,11686,0.808102,osmancik
11850,440.86499,178.622437,86.16687,0.875953,12201,0.78373,osmancik
10531,415.105988,171.488449,78.901451,0.887868,10796,0.601256,osmancik
10950,412.334015,166.306061,85.298172,0.858449,11172,0.776045,osmancik
11740,440.563995,181.20369,83.455185,0.887629,12030,0.57901,osmancik
13617,465.002991,189.255478,92.448906,0.872571,13872,0.616126,osmancik
12736,447.869995,182.771179,89.681709,0.871341,12964,0.752719,cammeo
11962,429.181,175.887848,87.968544,0.865945,12152,0.785681,osmancik
14418,480.322998,199.118439,93.311203,0.883399,14780,0.758523,cammeo
11858,437.109009,185.818176,82.01722,0.897318,12017,0.569057,osmancik
11073,431.157013,182.700027,77.722145,0.905001,11367,0.751119,osmancik
11395,421.963013,169.74678,86.971832,0.858769,11586,0.6237,osmancik
14786,505.389008,214.218384,89.426567,0.908698,15177,0.734161,cammeo
12233,425.181,170.946106,92.012909,0.842781,12388,0.64276,osmancik
13970,494.653992,211.742691,85.070251,0.915744,14280,0.696272,cammeo
13858,490.570007,203.709473,88.173927,0.90147,14265,0.653186,cammeo
10705,414.334991,169.646896,81.655678,0.876541,10882,0.773483,osmancik
12016,443.222992,189.281067,81.122215,0.903503,12186,0.746567,osmancik
15285,495.838989,206.332886,94.791031,0.888225,15517,0.668869,cammeo
15228,505.265015,209.625275,93.526863,0.894952,15501,0.739223,cammeo
11562,424.971008,174.394775,85.486755,0.871615,11739,0.755291,osmancik
14172,500.428986,218.571564,83.363907,0.924409,14399,0.608815,cammeo
11867,431.942993,178.590912,85.776665,0.877106,12126,0.640352,osmancik
12421,464.639008,200.595276,79.923492,0.917198,12699,0.553817,osmancik
9516,386.821014,155.52449,79.228355,0.860514,9753,0.698884,osmancik
16523,531.892029,224.995422,94.417702,0.907689,16911,0.577041,cammeo
12547,434.937012,174.37941,92.454018,0.84788,12856,0.779317,osmancik
13651,502.079987,222.073563,79.337265,0.934006,14034,0.792649,cammeo
13333,467.024994,196.796997,87.273109,0.89629,13589,0.694427,osmancik
11316,429.63501,177.278305,82.785187,0.884269,11544,0.756417,osmancik
14680,495.444,206.753754,91.296463,0.897226,15091,0.61159,cammeo
12599,455.281006,188.015915,86.374489,0.88823,12897,0.621252,cammeo
11247,418.082001,174.796539,82.575958,0.881378,11407,0.788267,osmancik
13970,494.628998,210.527557,85.434044,0.913958,14308,0.550542,cammeo
11975,458.902008,199.042694,78.036766,0.919939,12288,0.799826,cammeo
11780,435.67099,181.698318,83.585121,0.887908,11975,0.807956,osmancik
11699,434.891998,178.229691,85.452148,0.877569,12005,0.588925,osmancik
13397,474.86499,200.546265,86.396736,0.902444,13762,0.694037,cammeo
14410,483.80899,200.635056,92.521179,0.887327,14788,0.583212,cammeo
12744,467.924988,200.612167,81.706505,0.913301,13047,0.71451,cammeo
11332,428.605988,173.060471,84.947433,0.871242,11628,0.598184,osmancik
11141,431.924988,181.240112,79.115784,0.899692,11372,0.790646,cammeo
13540,458.529999,189.111404,92.393906,0.872525,13710,0.799953,cammeo
11814,424.532013,172.855957,87.35524,0.862906,11970,0.738144,osmancik
11411,430.93399,184.30925,79.258125,0.902816,11587,0.647874,cammeo
15700,525.809021,224.038879,90.318916,0.915139,16308,0.67617,cammeo
11168,440.863007,182.783279,79.526932,0.900388,11628,0.547102,osmancik
12988,461.990997,188.772903,88.509216,0.883269,13259,0.595152,cammeo
10727,420.36499,174.384521,79.602753,0.889735,11009,0.670605,osmancik
11621,444.661987,188.642197,79.066292,0.907925,11849,0.619853,osmancik
12758,456.638,190.368317,86.162643,0.891708,13177,0.703346,cammeo
